Pressure (atm),Temperature (K),B1_Frequencies_1_W1->P0,B1_Energy_1_W1->P0,W1_Frequencies_1_W1->P0,P0_SymmetryFactor_1_W1->P0,B1_ImaginaryFrequency_1_W1->P0,W1_SymmetryFactor_1_W1->P0,W1_Energy_1_W1->P0,P0_Energy_1_W1->P0,B1_SymmetryFactor_1_W1->P0,P0_Frequencies_1_W1->P0
0.1,200.0,-0.00042822195517768896,-2.441339919399562,-0.8932915428079632,0.0,4.917648591155112,0.5278010515956055,2.440704598119297,0.0,-0.5859940916745768,0.0
0.1,210.0,-0.00042576278217001495,-2.317212280357025,-0.936137063159111,0.0,4.669836174377878,0.5046280285825433,2.317682022928677,0.0,-0.5608421707735993,0.0
0.1,220.0,-0.00042531826326508947,-2.2077866976301053,-0.9755508151048263,0.0,4.443526133414534,0.48317888266829534,2.2056736942796094,0.0,-0.5375115543005469,0.0
0.1,230.0,-0.0004215269221322582,-2.1004024143205133,-1.012692454499131,0.0,4.23622002727103,0.46334459408613077,2.1021066173770397,0.0,-0.5157598627744888,0.0
0.1,240.0,-0.00041728795908680945,-2.0098884486217146,-1.0456826970585313,0.0,4.045756352581751,0.4449359432427285,2.008646513595519,0.0,-0.49550921275997223,0.0
0.1,250.0,-0.00041287221656968796,-1.925114359552676,-1.0762338788361725,0.0,3.870139142143185,0.42778394256027025,1.92250761229228,0.0,-0.4766192791516574,0.0
0.1,260.0,-0.00040803034654834393,-1.843553898779163,-1.1047461733081372,0.0,3.7077483187504856,0.41177018870609144,1.8424095923578117,0.0,-0.4589636461941755,0.0
0.1,270.0,-0.0004027903276468013,-1.7675486270514789,-1.1309265295125375,0.0,3.55720483634993,0.39679781589231045,1.7680885631999554,0.0,-0.4424346981997158,0.0
0.1,280.0,-0.00039735205977915955,-1.6984037899119575,-1.1546659188725112,0.0,3.4172886474879376,0.3827768587436928,1.699270037638749,0.0,-0.4269360171142798,0.0
0.1,290.0,-0.00039189648219359444,-1.6354493196852735,-1.176165709777101,0.0,3.2869207424777196,0.3696231334931711,1.6354332818487556,0.0,-0.4123795775515633,0.0
0.1,300.0,-0.00038651313506323176,-1.5771894730845595,-1.1957516218702073,0.0,3.165157897029323,0.35726015652045895,1.5759575597284459,0.0,-0.39868558148337385,0.0
0.1,310.0,-0.0003812128402568612,-1.5223293595983112,-1.2137094919769376,0.0,3.051180391560249,0.3456198653235164,1.5202816643727957,0.0,-0.3857823323510828,0.0
0.1,320.0,-0.0003759667061812997,-1.4701489730333024,-1.2302241476439613,0.0,2.9442739487006677,0.33464196737640073,1.4679698481360852,0.0,-0.3736055695397259,0.0
0.1,330.0,-0.000370739280700963,-1.4204277209243479,-1.2453906729075515,0.0,2.8438113689697664,0.3242727477871957,1.4187043694911998,0.0,-0.3620975357713153,0.0
0.1,340.0,-0.0003655068379324055,-1.373213039127962,-1.2592522123321028,0.0,2.749237180433599,0.3144639424853265,1.3722483049627772,0.0,-0.3512060858557664,0.0
0.1,350.0,-0.0003602629138148615,-1.328611444134841,-1.2718355025433066,0.0,2.66005604201099,0.30517189624263663,1.3284081737904754,0.0,-0.3408839695489201,0.0
0.1,360.0,-0.0003550162050676509,-1.2866641992979195,-1.2831733148704956,0.0,2.575824263281589,0.29635699138783633,1.2870083973609585,0.0,-0.3310882881258221,0.0
0.1,370.0,-0.0003497853070467004,-1.2473037341350766,-1.2933136567269476,0.0,2.4961434481924765,0.28798325371394995,1.2478786418245766,0.0,-0.32178007203124737,0.0
0.1,380.0,-0.00034459314768324706,-1.2103631660626049,-1.302319748546116,0.0,2.4206554239068057,0.28001804636866406,1.210850531545535,0.0,-0.31292392599901975,0.0
0.1,390.0,-0.00033946252077858867,-1.1756106559747848,-1.3102652328897553,0.0,2.349037910119741,0.27243179455327726,1.175759502599591,0.0,-0.304487706295339,0.0
0.1,400.0,-0.0003344131464663187,-1.142788428458692,-1.3172279886215275,0.0,2.281000641622797,0.26519771505277084,1.1424484908218162,0.0,-0.29644221380299207,0.0
0.1,410.0,-0.0003294601547896624,-1.111645322920274,-1.3232845610761441,0.0,2.216281826310828,0.25829154545559724,1.1107714337645598,0.0,-0.28876089968016944,0.0
0.1,420.0,-0.0003246136663569991,-1.0819586531589653,-1.3285061090676338,0.0,2.1546449096010853,0.25169127829244936,1.0805956440530569,0.0,-0.2814195867641931,0.0
0.1,430.0,-0.0003198791032784542,-1.053545398038332,-1.3329560413314678,0.0,2.0958756498231943,0.24537690833103112,1.0518028298165836,0.0,-0.27439621157699035,0.0
0.1,440.0,-0.0003152579110113908,-1.026264815149965,-1.33668912189388,0.0,2.0397795121223674,0.2393302002085495,1.0242889304057265,0.0,-0.2676705908464967,0.0
0.1,450.0,-0.000310748450112531,-1.0000151952633993,-1.3397516670880063,0.0,1.986179378384126,0.23353448090520157,0.9979630955344443,0.0,-0.2612242145031528,0.0
0.1,460.0,-0.00030634689568338313,-0.9747272967659899,-1.3421824422503217,0.0,1.9349135580364811,0.22797445872026892,0.9727461551892965,0.0,-0.2550400651219616,0.0
0.1,470.0,-0.0003020480480681257,-0.9503564668892228,-1.3440139228674326,0.0,1.8858340743371096,0.22263606810811387,0.9485688759251266,0.0,-0.249102462224316,0.0
0.1,480.0,-0.0002978460073739608,-0.926874844065121,-1.3452736673732952,0.0,1.8388051945688653,0.21750633818136575,0.9253702219213914,0.0,-0.2433969288640642,0.0
0.1,490.0,-0.0002937346976908129,-0.9042644853001611,-1.3459856310166687,0.0,1.7937021703186415,0.21257328185019855,0.9030957621333535,0.0,-0.23791007745384643,0.0
0.1,500.0,-0.00028970824745349206,-0.8825118308426693,-1.3461713199057346,0.0,1.7504101548170883,0.20782580228731515,0.8816963002065255,0.0,-0.23262951172073384,0.0
0.1,510.0,-0.0002857612435383898,-0.8616036138271301,-1.345850737469523,0.0,1.7088232671177004,0.2032536135125715,0.8611267554071729,0.0,-0.22754374188123744,0.0
0.1,520.0,-0.0002818888813848652,-0.8415241293411876,-1.3450431126331215,0.0,1.6688437767601336,0.19884717222340526,0.8413452900539165,0.0,-0.22264211047826674,0.0
0.1,530.0,-0.0002780870340362515,-0.8222536711245835,-1.3437674225110527,0.0,1.630381386785733,0.19459761843729698,0.8223126592036712,0.0,-0.2179147267377715,0.0
0.1,540.0,-0.00027435226123979055,-0.803767900093352,-1.3420427355130142,0.0,1.5933525970760116,0.19049672297715883,0.8039917484727481,0.0,-0.21335240771996686,0.0
0.1,550.0,-0.0002706817768234531,-0.7860379057307216,-1.3398884064126162,0.0,1.55768013368639,0.1865368402680283,0.7863472628719094,0.0,-0.20894662492244417,0.0
0.1,560.0,-0.00026707338925409326,-0.7690307424386686,-1.3373241556587878,0.0,1.5232924330141182,0.1827108652959144,0.7693455309235522,0.0,-0.20468945532140204,0.0
0.1,570.0,-0.0002635254270409669,-0.7527102561548847,-1.3343700629502333,0.0,1.49012317223766,0.1790121938959977,0.7529543922198044,0.0,-0.2005735361064334,0.0
0.1,580.0,-0.0002600366577330054,-0.7370380537904965,-1.3310465012520907,0.0,1.4581108395236353,0.17543468578722352,0.7371431416276625,0.0,-0.19659202257543548,0.0
0.1,590.0,-0.0002566062067785469,-0.7219745042770658,-1.3273740329713966,0.0,1.4271983390790848,0.17197262995942575,0.7218825086576843,0.0,-0.192738548815312,0.0
0.1,600.0,-0.00025323348049665045,-0.7074796924036478,-1.3233732855378764,0.0,1.3973326273073756,0.16862071215622498,0.7071446555387249,0.0,-0.189007190909278,0.0
0.1,610.0,-0.0002499180958238368,-0.6935142738873321,-1.3190648195181294,0.0,1.3684643771830574,0.16537398429173059,0.6929031819852577,0.0,-0.1853924324912405,0.0
0.1,620.0,-0.000246659818298098,-0.6800402019561012,-1.3144689988061145,0.0,1.3405476685659867,0.16222783570082838,0.6791331283792569,0.0,-0.18188913251991448,0.0
0.1,630.0,-0.0002434585088627372,-0.6670213124243662,-1.309605869444918,0.0,1.3135397025901205,0.15917796615984528,0.6658109720983071,0.0,-0.1784924951770508,0.0
0.1,640.0,-0.00024031407945525657,-0.6544237664144862,-1.304495051235274,0.0,1.2874005385391007,0.15622036063361586,0.6529146140534491,0.0,-0.1751980418112594,0.0
0.1,650.0,-0.00023722645693527455,-0.6422163582546412,-1.299155644424578,0.0,1.2620928518000751,0.15335126571205904,0.6404233542358266,0.0,-0.17200158485609196,0.0
0.1,660.0,-0.00023419555465174725,-0.6303707014089911,-1.2936061523760765,0.0,1.2375817116009153,0.15056716769865816,0.6283178563053177,0.0,-0.16889920365190747,0.0
0.1,670.0,-0.00023122125081305526,-0.6188613082603531,-1.2878644201144782,0.0,1.2138343773077462,0.14786477230800393,0.616580102082031,0.0,-0.16588722209828324,0.0
0.1,680.0,-0.0002283033727709539,-0.6076655807716914,-1.281947587957313,0.0,1.1908201121066595,0.14524098592215368,0.6051933373107131,0.0,-0.16296218805927687,0.0
0.1,690.0,-0.0002254416863351001,-0.5967637290044967,-1.275872059003028,0.0,1.1685100129276214,0.142692898347607,0.5941420103357119,0.0,-0.16012085443899918,0.0
0.1,700.0,-0.00022263588927896898,-0.5861386335763377,-1.2696534789985767,0.0,1.1468768554977893,0.14021776700725946,0.5834117054150293,0.0,-0.15736016184059692,0.0
0.1,800.0,-0.00019753689667989367,-0.49284162110199964,-1.2025044857169636,0.0,0.9627416655190512,0.11897019201008002,0.4912627562508783,0.0,-0.13362179084451567,0.0
0.1,900.0,-0.00017726954437359283,-0.4202857856516059,-1.1330351978092392,0.0,0.824754770910094,0.10282832122853083,0.42116172498887716,0.0,-0.1155155436149718,0.0
0.1,1000.0,-0.00016092457984336994,-0.36649629064393124,-1.06700603613769,0.0,0.7199918191958462,0.090444006547596,0.36789687786800623,0.0,-0.10156022372371712,0.0
0.1,1100.0,-0.00014767336665119792,-0.3279570797214058,-1.0070490139098895,0.0,0.6394575602884907,0.08084700695845073,0.32769121166239995,0.0,-0.0906993099001151,0.0
0.1,1200.0,-0.00013685903720920682,-0.2999409370569172,-0.9540854718506074,0.0,0.5767058067777345,0.07332145806561045,0.2973850544634463,0.0,-0.08215474215227404,0.0
0.1,1300.0,-0.00012797794973215684,-0.27812498892012955,-0.9081027284949769,0.0,0.52709101620374,0.06734008992228296,0.27434468689910746,0.0,-0.0753508522241147,0.0
0.1,1400.0,-0.00012064130947924801,-0.2594414124727592,-0.8685950255693766,0.0,0.48726606414577334,0.06251711247865809,0.2564751584205417,0.0,-0.0698627101393697,0.0
0.1,1500.0,-0.00011454388657879759,-0.2421685126010435,-0.8348261900475139,0.0,0.4548177630318379,0.05857141919300064,0.2421872186097512,0.0,-0.06537717205219207,0.0
0.1,1600.0,-0.00010944253135792276,-0.22565592640091636,-0.8059869249507055,0.0,0.428000416113732,0.05529819149933171,0.2303221305195884,0.0,-0.06166322889931268,0.0
0.1,1700.0,-0.00010514174423519688,-0.20996512949131443,-0.7812853858785038,0.0,0.4055433858874495,0.05254762753134605,0.22006244105900222,0.0,-0.0585498073144109,0.0
0.1,1800.0,-0.00010148361901757299,-0.1955558107513481,-0.7599950386601105,0.0,0.3865138677104983,0.0502093971262872,0.21084803244827366,0.0,-0.05590943638131932,0.0
0.1,1900.0,-9.834044046021113e-05,-0.1830564586038029,-0.7414758196792153,0.0,0.3702198663643331,0.04820146803808728,0.20230590203802587,0.0,-0.05364637698758935,0.0
0.1,2000.0,-9.560896727543212e-05,-0.17311541188778276,-0.725179347799679,0.0,0.3561418827219382,0.04646215048463359,0.19419533436981812,0.0,-0.05168805430115915,0.0
0.1,2100.0,-9.32058715904223e-05,-0.16631466786341814,-0.7106452231106886,0.0,0.34388483990415125,0.044944457138184235,0.1863669402350579,0.0,-0.04997889060847812,0.0
0.1,2200.0,-9.106403592638797e-05,-0.16312751073798037,-0.6974928573369367,0.0,0.3331441748817618,0.043612106206735335,0.17873297313356137,0.0,-0.04847586343694799,0.0
0.1,2300.0,-8.912952347743105e-05,-0.16390434649683733,-0.6854115298307358,0.0,0.32368181578184946,0.04243668199733167,0.17124629980735406,0.0,-0.04714529689405849,0.0
0.1,2400.0,-8.735909483845725e-05,-0.16887531510418038,-0.6741502196193763,0.0,0.31530906012710225,0.04139560855653447,0.16388577358141615,0.0,-0.04596053303579643,0.0
0.1,2500.0,-8.57181749292019e-05,-0.1781619114404563,-0.6635080420338191,0.0,0.3078742828870424,0.04047069462607256,0.1566462290656269,0.0,-0.044900231911794417,0.0
0.1,2600.0,-8.417919239066702e-05,-0.19179263028665205,-0.6533256781759619,0.0,0.301254039253547,0.03964708105597371,0.1495317529399315,0.0,-0.04394712209295865,0.0
0.1,2700.0,-8.272022678831046e-05,-0.20971961161998912,-0.6434779275507422,0.0,0.2953465666384886,0.038912472910834356,0.14255124449123846,0.0,-0.04308707542957792,0.0
0.5,200.0,-0.0009184680712046304,-2.4522322557501273,-0.8243988927697207,0.0,4.794617178070598,0.5789757196211018,2.451492247372001,0.0,-0.6373745875614343,0.0
0.5,210.0,-0.0009134841112031116,-2.3278513992526646,-0.8718432559389818,0.0,4.541928366709379,0.5539584227682319,2.3281896608474244,0.0,-0.6108759008045489,0.0
0.5,220.0,-0.0009062028472301655,-2.2179682654631168,-0.9154913681550266,0.0,4.31199050710398,0.5308039197419878,2.215939833212491,0.0,-0.5861793215195584,0.0
0.5,230.0,-0.0008962883725353253,-2.11054702310779,-0.9564693188870272,0.0,4.1023296510465554,0.509204249918491,2.112484969303854,0.0,-0.5630456549718375,0.0
0.5,240.0,-0.0008848058519856125,-2.019778217756,-0.9933884072127335,0.0,3.910217853677886,0.489138786815621,2.018559469667814,0.0,-0.5414540352087037,0.0
0.5,250.0,-0.0008727274574476892,-1.9347918375444624,-1.0275770987654198,0.0,3.7336051688880194,0.47042630373755023,1.9320346012385479,0.0,-0.5212581652438139,0.0
0.5,260.0,-0.0008602249408192193,-1.853074281831317,-1.0593708531103747,0.0,3.5708156607660606,0.4529292156531903,1.8517830745888382,0.0,-0.5023333006211526,0.0
0.5,270.0,-0.0008472512996572267,-1.7768768530100263,-1.0885933032756632,0.0,3.4203565375498663,0.4365498730376444,1.777370147793486,0.0,-0.4845802624286218,0.0
0.5,280.0,-0.0008338643496611659,-1.7074808193753896,-1.1152211073590506,0.0,3.2808925412895458,0.42120037622626166,1.7083892688182407,0.0,-0.4679083120828207,0.0
0.5,290.0,-0.0008202323231608969,-1.644255549618003,-1.1394712186065876,0.0,3.1512565963883383,0.40679390566347534,1.644306923669425,0.0,-0.4522303286891911,0.0
0.5,300.0,-0.0008065462468406047,-1.5857541865504496,-1.161651442480099,0.0,3.0304445886162124,0.3932475746082521,1.5845531468523908,0.0,-0.4374645599747171,0.0
0.5,310.0,-0.0007929568650024749,-1.5307071293917396,-1.1820313364933712,0.0,2.917593979731957,0.3804861230511904,1.5286200755821808,0.0,-0.423536565004182,0.0
0.5,320.0,-0.0007795559087452725,-1.4783919159384882,-1.20079493029249,0.0,2.8119577533296156,0.3684431931917278,1.4761001774599465,0.0,-0.410379601387856,0.0
0.5,330.0,-0.0007663853747438406,-1.428568503006734,-1.2180505001430886,0.0,2.7128814910145724,0.35706065844204693,1.4266777187213204,0.0,-0.3979339086361331,0.0
0.5,340.0,-0.0007534562115900904,-1.3812607495365008,-1.2338612462288967,0.0,2.619786085911464,0.3462871873866092,1.3801018538223357,0.0,-0.38614564922532707,0.0
0.5,350.0,-0.0007407653627399315,-1.3365563278256873,-1.2482741643283128,0.0,2.5321555562377593,0.3360768387184057,1.3361603621181126,0.0,-0.3749659604131049,0.0
0.5,360.0,-0.0007283071191346895,-1.2944861513406594,-1.2613385285218197,0.0,2.449528438717534,0.32638800056595624,1.2946616224964156,0.0,-0.3643502568420633,0.0
0.5,370.0,-0.0007160787725183315,-1.2549807207862111,-1.273113798213443,0.0,2.3714913397533,0.3171826925796721,1.25542531395614,0.0,-0.3542577552877412,0.0
0.5,380.0,-0.0007040821485221625,-1.2178775153752257,-1.283670078449018,0.0,2.2976736697527174,0.30842613269775065,1.2182794196177433,0.0,-0.344651141199146,0.0
0.5,390.0,-0.0006923227940362906,-1.1829526017293432,-1.2930846467009591,0.0,2.2277430199790897,0.3000864571692119,1.183060696551958,0.0,-0.33549630460704855,0.0
0.5,400.0,-0.000680808207671762,-1.1499571742010668,-1.3014372326797061,0.0,2.1614009433259436,0.29213451031948046,1.149616414825367,0.0,-0.3267620995464269,0.0
0.5,410.0,-0.0006695459937956751,-1.1186482905326711,-1.3088056771953127,0.0,2.0983790691284496,0.2845436551948518,1.1178060302068782,0.0,-0.3184201060571796,0.0
0.5,420.0,-0.0006585423906254742,-1.088809652685598,-1.3152627220270499,0.0,2.0384355550742366,0.2772895835104404,1.0875021704045826,0.0,-0.31044439048292227,0.0
0.5,430.0,-0.0006478013267690041,-1.0602623523396884,-1.3208741023397352,0.0,1.9813518963233265,0.2703501202988765,1.0585907883398504,0.0,-0.30281126826173427,0.0
0.5,440.0,-0.0006373239876831398,-1.0328675020402105,-1.3256977938882821,0.0,1.926930102768754,0.2637050270361785,1.0309705931630604,0.0,-0.2954990760644921,0.0
0.5,450.0,-0.0006271087914484773,-1.0065232956453538,-1.329784134109171,0.0,1.8749902381590153,0.25733580970392494,1.0045519732368318,0.0,-0.2884879595022363,0.0
0.5,460.0,-0.0006171516490657428,-0.9811588915814923,-1.3331765165127132,0.0,1.8253682988831466,0.2512255377996188,0.9792556363679845,0.0,-0.2817596805861804,0.0
0.5,470.0,-0.0006074463922836278,-0.9567270189060388,-1.3359123964581203,0.0,1.77791439922681,0.24535867853171298,0.9550111573858755,0.0,-0.27529744684821744,0.0
0.5,480.0,-0.000597985274163638,-0.9331966313055526,-1.3380244073564185,0.0,1.7324912243514905,0.2397209484068045,0.9317555716771456,0.0,-0.2690857621049953,0.0
0.5,490.0,-0.0005887594735176444,-0.91054641462341,-1.339541448868778,0.0,1.6889727112092414,0.23429918267079583,0.9094321023672155,0.0,-0.263110297484823,0.0
0.5,500.0,-0.0005797595583483552,-0.888759544693342,-1.3404896626159253,0.0,1.647242919726221,0.22908122179834117,0.887989066394729,0.0,-0.25735778053121255,0.0
0.5,510.0,-0.0005709758830289595,-0.867819802880746,-1.3408932527081872,0.0,1.607195060577433,0.22405581344144646,0.8673789732025478,0.0,-0.2518158998494651,0.0
0.5,520.0,-0.0005623989086020663,-0.8477089725477095,-1.340775138078444,0.0,1.5687306507063508,0.21921252786741574,0.8475578086797495,0.0,-0.2464732227448565,0.0
0.5,530.0,-0.0005540194456588146,-0.8284053379023189,-1.3401574428796776,0.0,1.5317587726970279,0.2145416848307665,0.8284844845423466,0.0,-0.2413191234922454,0.0
0.5,540.0,-0.0005458288255848905,-0.8098830640362685,-1.3390618423793668,0.0,1.496195418734295,0.21003428993089118,0.8101204273932237,0.0,-0.2363437201802695,0.0
0.5,550.0,-0.0005378190094276721,-0.7921122332112336,-1.3375097870776111,0.0,1.4619629039513402,0.20568197872351926,0.792429280251927,0.0,-0.23153781841830587,0.0
0.5,560.0,-0.0005299826450698805,-0.7750593318360607,-1.3355226291007636,0.0,1.4289893373721478,0.20147696711784085,0.7753766907397057,0.0,-0.22689286053472205,0.0
0.5,570.0,-0.0005223130834704117,-0.7586880136435771,-1.333121673772629,0.0,1.3972081414118764,0.19741200686105398,0.758930163089853,0.0,-0.2224008792034232,0.0
0.5,580.0,-0.0005148043639775712,-0.7429599996014019,-1.330328176740165,0.0,1.3665576130586543,0.19348034516287566,0.743058954839519,0.0,-0.21805445469909904,0.0
0.5,590.0,-0.0005074511775167586,-0.7278360092510889,-1.3271633038926514,0.0,1.3369805215081365,0.1896756877310585,0.7277340028600724,0.0,-0.21384667519607412,0.0
0.5,600.0,-0.0005002488150682834,-0.7132766487604901,-1.3236480680599059,0.0,1.3084237382480373,0.18599216467023566,0.7129278669427059,0.0,-0.20977109969329974,0.0
0.5,610.0,-0.0004931931074537909,-0.699243206752083,-1.3198032534065134,0.0,1.2808378964801908,0.1824242988408225,0.6986146822845496,0.0,-0.20582172327398537,0.0
0.5,620.0,-0.00048628036114569333,-0.6856983296361912,-1.3156493357162713,0.0,1.2541770773997625,0.17896697638553336,0.6847701148411386,0.0,-0.20199294449926314,0.0
0.5,630.0,-0.0004795072936583852,-0.6726065639984301,-1.3112064044513811,0.0,1.2283985212901893,0.1756154192131105,0.6713713156189834,0.0,-0.19827953479791136,0.0
0.5,640.0,-0.0004728709710955624,-0.6599347651305922,-1.3064940905821862,0.0,1.2034623616913396,0.17236515928729515,0.6583968716148276,0.0,-0.19467660975492065,0.0
0.5,650.0,-0.00046636874961615923,-0.6476523787422931,-1.301531502688141,0.0,1.1793313810987758,0.16921201460889468,0.6458267523251358,0.0,-0.1911796022261231,0.0
0.5,660.0,-0.00045999822193137403,-0.6357316079490304,-1.2963371726841477,0.0,1.1559707867858546,0.16615206680448186,0.633642251617622,0.0,-0.18778423721889,0.0
0.5,670.0,-0.0004537571694392439,-0.6241474804529102,-1.2909290116756138,0.0,1.133348005431037,0.16318164025059792,0.6218259253428202,0.0,-0.18448650848374115,0.0
0.5,680.0,-0.00044764352022098614,-0.6128778319855493,-1.2853242758383578,0.0,1.1114324952972314,0.16029728267040588,0.6103615254290135,0.0,-0.18128265676150418,0.0
0.5,690.0,-0.00044165531284421207,-0.6019032220457455,-1.2795395418066757,0.0,1.0901955747600356,0.1574957471429889,0.5992339314016799,0.0,-0.1781691496275563,0.0
0.5,700.0,-0.00043579066572285296,-0.5912067971227073,-1.2735906907915702,0.0,1.0696102660250169,0.15477397546575355,0.5884290803438841,0.0,-0.17514266287024186,0.0
0.5,800.0,-0.00038354466484809806,-0.4972850378568535,-1.2080734617289164,0.0,0.8946298810864748,0.13137814312491558,0.49565606302790177,0.0,-0.14905104196462524,0.0
0.5,900.0,-0.0003416471318378122,-0.4241655631221595,-1.1387280131409065,0.0,0.7636696423225965,0.11354081633017127,0.42506885303635905,0.0,-0.1290436806068607,0.0
0.5,1000.0,-0.00030820133652864054,-0.369724859029774,-1.0719546534959872,0.0,0.6642527528428678,0.09980107067913283,0.37126419011144574,0.0,-0.11354459546813142,0.0
0.5,1100.0,-0.0002814384495869035,-0.33043897710497216,-1.010852115173089,0.0,0.5878107118675523,0.0891184260142243,0.3303849381690691,0.0,-0.10143147597417271,0.0
0.5,1200.0,-0.00025988126073046337,-0.30167185302938804,-0.9566041692010666,0.0,0.5282472534650187,0.0807239898050905,0.29931429976594986,0.0,-0.09187212579062372,0.0
0.5,1300.0,-0.00024236725234906212,-0.2792025002364137,-0.9093235806456305,0.0,0.4811784179937724,0.07404674199653502,0.2755095298772325,0.0,-0.08424468274938955,0.0
0.5,1400.0,-0.000228004280549736,-0.2600283202178349,-0.8685582226047748,0.0,0.44344149025868757,0.0686644297611904,0.25695882624598493,0.0,-0.07808551123130848,0.0
0.5,1500.0,-0.00021611223166642825,-0.24244674280444362,-0.8335940713854874,0.0,0.4127484825818429,0.06426608806540444,0.24212544993472823,0.0,-0.07304988901920967,0.0
0.5,1600.0,-0.00020617135886307587,-0.22578948311891056,-0.8036326260331258,0.0,0.3874367388362983,0.06062296725528318,0.22987071397599407,0.0,-0.06888159555933879,0.0
0.5,1700.0,-0.00019778191722499255,-0.2100769667576614,-0.7778898239490698,0.0,0.366290048223657,0.05756642892714243,0.21937183420994222,0.0,-0.06538972258753362,0.0
0.5,1800.0,-0.00019063408471949283,-0.19571713524023762,-0.7556464923409395,0.0,0.3484112556499516,0.054971515426796944,0.21004695043706043,0.0,-0.062431328512711444,0.0
0.5,1900.0,-0.00018448588146633096,-0.18328502556869578,-0.7362697442968801,0.0,0.3331320078709119,0.05274494266675251,0.20149270087933968,0.0,-0.05989865505946854,0.0
0.5,2000.0,-0.00017914696000725228,-0.1733794399343068,-0.719217705543423,0.0,0.31994893308920297,0.05081641989790586,0.19343512704014534,0.0,-0.057709793645107525,0.0
0.5,2100.0,-0.00017446662290719774,-0.1665397399575911,-0.7040352902972167,0.0,0.30847846844851984,0.04913241052888269,0.18569246800494518,0.0,-0.055801902184173614,0.0
0.5,2200.0,-0.00017032487927092432,-0.1632046467282643,-0.690345693497753,0.0,0.2984247816980456,0.04765165596073908,0.1781476673391787,0.0,-0.054126280741623595,0.0
0.5,2300.0,-0.00016662570059995568,-0.16369810947666094,-0.6778403186892569,0.0,0.28955687658022283,0.04634196108942521,0.17072841946555337,0.0,-0.05264479106313083,0.0
0.5,2400.0,-0.00016329188489370462,-0.16823130694860744,-0.6662686479495583,0.0,0.2816921488845711,0.045177878633568896,0.16339288388709275,0.0,-0.05132724412754621,0.0
0.5,2500.0,-0.00016026111025270977,-0.17691334402776293,-0.6554288248566272,0.0,0.2746844890707935,0.04413903303719685,0.15611957069926002,0.0,-0.05014948463383191,0.0
0.5,2600.0,-0.00015748287815931544,-0.18976586728139383,-0.6451592888825847,0.0,0.26841560503421696,0.04320890002081539,0.14890025116422181,0.0,-0.04909197812789405,0.0
0.5,2700.0,-0.00015491612909950242,-0.20673869811230564,-0.6353315548632001,0.0,0.26278863905591154,0.042373911702849223,0.14173503873969853,0.0,-0.04813876186129099,0.0
1.0,200.0,-0.0012024792456684624,-2.45643121506421,-0.7918520869287186,0.0,4.6962713587116385,0.6005319357020953,2.4557881952122327,0.0,-0.6605960847097485,0.0
1.0,210.0,-0.0011947825310023696,-2.331974340686314,-0.8411923527292863,0.0,4.44236248222098,0.5748549968074667,2.3323940415130435,0.0,-0.6337274737998889,0.0
1.0,220.0,-0.0011842332482991011,-2.221967830027525,-0.8867446448885625,0.0,4.211788057675167,0.551010059973109,2.220021833336456,0.0,-0.608620688973771,0.0
1.0,230.0,-0.0011705080576662709,-2.1146099071905335,-0.9293507631845284,0.0,4.002120492669797,0.528780091612876,2.1166474505984993,0.0,-0.585036057557098,0.0
1.0,240.0,-0.0011555744799768416,-2.0237496593266964,-0.968000172497403,0.0,3.810389680596451,0.5080316484411539,2.0225376071262406,0.0,-0.5629897687418725,0.0
1.0,250.0,-0.0011394017230308316,-1.9386973932494485,-1.0038180492141993,0.0,3.6344661796317714,0.4886704821635292,1.93587451137269,0.0,-0.5423341820998856,0.0
1.0,260.0,-0.0011220902989557832,-1.8569689756043934,-1.0370751517507661,0.0,3.4726165893681915,0.47058659531788993,1.855598327430717,0.0,-0.5229478660031152,0.0
1.0,270.0,-0.001104033858309128,-1.7807603442391222,-1.067641766160403,0.0,3.3232886895777103,0.45366238527422664,1.7811876423490234,0.0,-0.5047388330384337,0.0
1.0,280.0,-0.0010856358174874852,-1.7113213111808032,-1.0955397995841079,0.0,3.1850950710811374,0.4377888364541115,1.7121712961037532,0.0,-0.48762159008999806,0.0
1.0,290.0,-0.0010671744515209367,-1.6480282980704695,-1.120999298568633,0.0,3.056828283458028,0.4228719222716498,1.6480105556408686,0.0,-0.4715111824896096,0.0
1.0,300.0,-0.0010488057944138271,-1.5894563470680119,-1.144322030632653,0.0,2.9374542651136206,0.4088315042260941,1.58816109860618,0.0,-0.4563261835339944,0.0
1.0,310.0,-0.0010306101167711073,-1.5343527989202008,-1.1657692539463949,0.0,2.826088049029597,0.3955977955099524,1.5321414103568005,0.0,-0.44199191468665827,0.0
1.0,320.0,-0.0010126324014418206,-1.4820006348495918,-1.1855224964701605,0.0,2.721965351953937,0.3831082434039674,1.4795576235577776,0.0,-0.42844146171420544,0.0
1.0,330.0,-0.000994905185959855,-1.4321559661407441,-1.2036939150277346,0.0,2.624418178749467,0.37130562407519235,1.4300947242331066,0.0,-0.41561507330268693,0.0
1.0,340.0,-0.0009774575601843147,-1.384834519376717,-1.220354324807198,0.0,2.5328566748710073,0.36013715575051375,1.3834948534759006,0.0,-0.40345899224583,0.0
1.0,350.0,-0.0009603167438075906,-1.3401158341461608,-1.2355591743922618,0.0,2.4467563908359224,0.34955419052501,1.3395365506139958,0.0,-0.3919243691397267,0.0
1.0,360.0,-0.0009435069224428259,-1.2980251100287217,-1.2493651277273257,0.0,2.3656492624343324,0.3395121222970414,1.2980203938546053,0.0,-0.3809664810523101,0.0
1.0,370.0,-0.0009270477951069478,-1.2584902636521045,-1.2618372035991288,0.0,2.289116812039409,0.32997030053182386,1.2587612964101358,0.0,-0.37054423715894885,0.0
1.0,380.0,-0.0009109537477640116,-1.2213489353522342,-1.2730492772028408,0.0,2.2167845780376925,0.32089186507927425,1.2215856013998212,0.0,-0.3606198716562973,0.0
1.0,390.0,-0.0008952337665687792,-1.186379220935012,-1.2830810596686344,0.0,2.1483172321433956,0.3122434932442759,1.1863308364602325,0.0,-0.35115872721719293,0.0
1.0,400.0,-0.0008798918944203971,-1.153335266165354,-1.2920139368299803,0.0,2.083414147930315,0.30399508499170563,1.152846478856759,0.0,-0.3421290644695335,0.0
1.0,410.0,-0.0008649279803428678,-1.1219772189973996,-1.2999271143713924,0.0,2.0218053487610694,0.2961194208171968,1.1209947286348296,0.0,-0.33350186582330626,0.0
1.0,420.0,-0.0008503385205144672,-1.0920914746782684,-1.3068947464921636,0.0,1.9632478325104858,0.2885918223407161,1.090650822499668,0.0,-0.325250625179188,0.0
1.0,430.0,-0.0008361174625825477,-1.0635011293908252,-1.3129842120265087,0.0,1.9075222856179574,0.28138983652135313,1.061702774843832,0.0,-0.3173511277573334,0.0
1.0,440.0,-0.0008222569076012607,-1.0360685162644043,-1.3182554173482364,0.0,1.8544301896581725,0.2744929551215833,1.0340506243159509,0.0,-0.30978122911070355,0.0
1.0,450.0,-0.0008087476872879128,-1.0096923072677366,-1.3227608842928664,0.0,1.803791307348991,0.26788237363743217,1.0076053416186284,0.0,-0.3025206424714804,0.0
1.0,460.0,-0.0007955798197287499,-0.9843015182923465,-1.3265463605138927,0.0,1.7554415204141645,0.2615407888376925,0.9822875625706114,0.0,-0.2955507414146927,0.0
1.0,470.0,-0.0007827428589477496,-0.9598482726571796,-1.3296517210514633,0.0,1.7092309821876606,0.2554522310822665,0.9580262843652666,0.0,-0.2888543820241227,0.0
1.0,480.0,-0.0007702261577132163,-0.9363006165661167,-1.33211198179511,0.0,1.6650225435554917,0.24960192621968924,0.9347576247332905,0.0,-0.28241574618589604,0.0
1.0,490.0,-0.0007580190623406388,-0.9136361724311847,-1.333958299627399,0.0,1.6226904107702265,0.2439761815801114,0.9124237059537342,0.0,-0.2762202056807704,0.0
1.0,500.0,-0.0007461110555616808,-0.8918370165911391,-1.3352188812440997,0.0,1.5821189964859381,0.23856229094921524,0.8909716942466043,0.0,-0.27025420546273726,0.0
1.0,510.0,-0.0007344918602572938,-0.8708858853375127,-1.3359197596091597,0.0,1.543201929798798,0.23334845410941119,0.8703530018393772,0.0,-0.2645051638147899,0.0
1.0,520.0,-0.0007231515137729894,-0.8507636333614964,-1.3360854235696957,0.0,1.5058411961726963,0.22832370735077712,0.8505226435555607,0.0,-0.2589613868227996,0.0
1.0,530.0,-0.0007120804199728028,-0.8314477694956789,-1.3357393037064735,0.0,1.4699463832170871,0.22347786215312762,0.8314387307804443,0.0,-0.253611994662423,0.0
1.0,540.0,-0.0007012693842173167,-0.8129118531276756,-1.3349041279379392,0.0,1.4354340129638763,0.21880144995101286,0.8130620815098714,0.0,-0.2484468574301369,0.0
1.0,550.0,-0.0006907096350166658,-0.7951255311705031,-1.3336021656305599,0.0,1.4022269453585312,0.21428567148508812,0.7953559243810437,0.0,-0.2434565385752814,0.0
1.0,560.0,-0.0006803928351087479,-0.7780550145528805,-1.3318553806355549,0.0,1.370253841070943,0.20992234971135956,0.7782856758811546,0.0,-0.23863224434116018,0.0
1.0,570.0,-0.0006703110840364396,-0.7616638236603591,-1.3296855130717844,0.0,1.3394486744625562,0.2057038855938076,0.7618187723900381,0.0,-0.23396577795919943,0.0
1.0,580.0,-0.0006604569138488035,-0.7459136664663152,-1.3271141077719097,0.0,1.309750289684195,0.20162321636207178,0.7459245416719561,0.0,-0.22944949763832548,0.0
1.0,590.0,-0.0006508232792535753,-0.7307653465289068,-1.324162504781514,0.0,1.2811019945111624,0.19767377599264835,0.730574101450733,0.0,-0.22507627764216945,0.0
1.0,600.0,-0.0006414035433453779,-0.7161796279581097,-1.3208518045974826,0.0,1.2534511877402512,0.19384945778707224,0.7157402755165808,0.0,-0.22083947194781597,0.0
1.0,610.0,-0.000632191459887403,-0.7021180096651203,-1.3172028182296824,0.0,1.2267490168637565,0.19014457898955942,0.7013975202818726,0.0,-0.2167328801348498,0.0
1.0,620.0,-0.0006231811530087081,-0.6885433814066683,-1.3132360098233522,0.0,1.2009500633741494,0.18655384742261735,0.6875218567714333,0.0,-0.21275071526830083,0.0
1.0,630.0,-0.0006143670950797491,-0.675420549592556,-1.3089714375597286,0.0,1.1760120535035317,0.18307233013268065,0.6740908046993649,0.0,-0.20888757362052876,0.0
1.0,640.0,-0.0006057440834371534,-0.6627166320913922,-1.3044286968763488,0.0,1.1518955925156045,0.1796954240369156,0.6610833165794873,0.0,-0.2051384061319435,0.0
1.0,650.0,-0.0005973072165413013,-0.6504013290224943,-1.2996268687007386,0.0,1.1285639208849456,0.17641882855293564,0.6484797107866926,0.0,-0.20149849154490854,0.0
1.0,660.0,-0.0005890518700659316,-0.638447081449178,-1.294584474338886,0.0,1.1059826908494514,0.17323852017954203,0.6362616031842488,0.0,-0.19796341116459837,0.0
1.0,670.0,-0.0005809736733380176,-0.6268291326286529,-1.2893194378619193,0.0,1.0841197619294365,0.1701507289816741,0.6244118374091353,0.0,-0.19452902520937196,0.0
1.0,680.0,-0.0005730684864695243,-0.6155255075848798,-1.2838490562485951,0.0,1.062945014087437,0.1671519169184237,0.6129144142113123,0.0,-0.19119145071491525,0.0
1.0,690.0,-0.0005653323784513501,-0.604516926719946,-1.2781899771271954,0.0,1.0424301772674918,0.1642387579403763,0.6017544204149006,0.0,-0.18794704095367495,0.0
1.0,700.0,-0.0005577616064147215,-0.5937866683436345,-1.2723581836823268,0.0,1.0225486761091276,0.1614081197722774,0.5909179581444157,0.0,-0.18479236632597498,0.0
1.0,800.0,-0.0004904238843572732,-0.4995451603153299,-1.2075801971971216,0.0,0.853684831724615,0.13706070272043538,0.4978823013900947,0.0,-0.15755025875996842,0.0
1.0,900.0,-0.0004363313814401567,-0.4261208096961154,-1.1383764815508715,0.0,0.7274137830557559,0.11847832972283884,0.4270806496415664,0.0,-0.13659340053771854,0.0
1.0,1000.0,-0.0003930273402533809,-0.3713489756692623,-1.0714116203251471,0.0,0.6315821660054002,0.10414634160243827,0.3730136955190551,0.0,-0.12031129065035041,0.0
1.0,1100.0,-0.00035836727067195344,-0.3317073268164264,-1.0099621526124938,0.0,0.5578974078388745,0.09298440667328696,0.33179300082749347,0.0,-0.10755593937041692,0.0
1.0,1200.0,-0.00033051920209113954,-0.30259471594531195,-0.9553025471478173,0.0,0.5004831853301545,0.08419740449804775,0.3003329315640764,0.0,-0.0974717203449578,0.0
1.0,1300.0,-0.0003079831393171986,-0.2798279159070824,-0.9075850553085558,0.0,0.4551210370450747,0.07719725133160796,0.2761428009067287,0.0,-0.0894153555332066,0.0
1.0,1400.0,-0.00028957281146262223,-0.26042786074217134,-0.8663747010192592,0.0,0.4187679063641424,0.07154966291920282,0.25725518565533007,0.0,-0.08290457957975561,0.0
1.0,1500.0,-0.00027437138862228526,-0.24269789759794005,-0.8309676328074573,0.0,0.38922019620000015,0.06693417349316687,0.24215952697781326,0.0,-0.07757917612639527,0.0
1.0,1600.0,-0.0002616795367540062,-0.22596152661507626,-0.8005746488946032,0.0,0.36487398474453303,0.06311387368430844,0.22972536444958783,0.0,-0.07317043768448614,0.0
1.0,1700.0,-0.0002509668927982746,-0.21022215816341963,-0.7744215699695969,0.0,0.3445537772837192,0.0599128559478848,0.21912467416645576,0.0,-0.06947758908247506,0.0
1.0,1800.0,-0.00024183140552470363,-0.19586669661175932,-0.7517993374941364,0.0,0.32739075806285883,0.057199664087874746,0.20976201012509185,0.0,-0.06634997646651519,0.0
1.0,1900.0,-0.00023396723420716765,-0.1834485887469652,-0.7320846311614194,0.0,0.3127365258402411,0.05487527577931451,0.2012163436503949,0.0,-0.063673840155197,0.0
1.0,2000.0,-0.0002271402580889461,-0.1735466662820744,-0.7147439390143109,0.0,0.30010201871100667,0.052864423996860095,0.19319501208896034,0.0,-0.061362600351838076,0.0
1.0,2100.0,-0.00022116975916055244,-0.1666830959496138,-0.6993289434007937,0.0,0.2891141975536874,0.05110933855718288,0.18549844757500136,0.0,-0.05934976572117895,0.0
1.0,2200.0,-0.00021591487081270837,-0.1632826311753612,-0.6854678715048027,0.0,0.2794852078098515,0.04956522585103492,0.177993766716619,0.0,-0.05758376773650963,0.0
1.0,2300.0,-0.00021126460335708152,-0.16365848917463038,-0.6728554621639165,0.0,0.2709903070180951,0.0481969919134234,0.17059530728590766,0.0,-0.056024195049325404,0.0
1.0,2400.0,-0.00020713051079272485,-0.16801410870719513,-0.6612429863856607,0.0,0.263451963119734,0.046976854427433073,0.1632504511403778,0.0,-0.05463904060508393,0.0
1.0,2500.0,-0.00020344129070125737,-0.17645348005444786,-0.6504290379415493,0.0,0.25672831364524124,0.04588259156701759,0.15592939137413295,0.0,-0.053402680258130636,0.0
1.0,2600.0,-0.00020013879323067465,-0.18899535241160278,-0.6402513944624478,0.0,0.2507047226980543,0.044896248806977464,0.14861780337831967,0.0,-0.05229438026011813,0.0
1.0,2700.0,-0.00019717505632382804,-0.20558846547019274,-0.6305800187793571,0.0,0.24528755195112958,0.04400317672504232,0.1413116339559582,0.0,-0.05129718817956319,0.0
2.0,200.0,-0.0015352094499652006,-2.460642561732428,-0.7566704949884185,0.0,4.573210680195535,0.6221963118108451,2.4600566589710446,0.0,-0.685329521808071,0.0
2.0,210.0,-0.0015260875207051797,-2.3361810088905024,-0.8076786742493249,0.0,4.318355644640174,0.5959281517770014,2.3366026461247555,0.0,-0.6583127538264588,0.0
2.0,220.0,-0.001512824656545083,-2.2260725878653225,-0.8549240770528453,0.0,4.087607738470227,0.5714619178294813,2.224132774862049,0.0,-0.6329827206489381,0.0
2.0,230.0,-0.001495168405932425,-2.1188097628456646,-0.8990248631316434,0.0,3.878412161360742,0.5486327779599678,2.1208494598041683,0.0,-0.6091025858664704,0.0
2.0,240.0,-0.0014761251318031882,-2.027872861024061,-0.9392241199873997,0.0,3.687638990917755,0.5272785509123311,2.026609128303816,0.0,-0.586731980126466,0.0
2.0,250.0,-0.0014552555961361603,-1.942762508526316,-0.9765051125907482,0.0,3.5130152699364534,0.5073339880415494,1.9398530677363217,0.0,-0.5657255832692286,0.0
2.0,260.0,-0.001432696715718073,-1.8610356349953507,-1.0110983153629496,0.0,3.3527126849307742,0.4886976052872729,1.8595737432286548,0.0,-0.5459684170657967,0.0
2.0,270.0,-0.0014091455468552407,-1.784834129294376,-1.042908856309894,0.0,3.205115411424212,0.47124600454680493,1.7851750452635229,0.0,-0.5273784967517504,0.0
2.0,280.0,-0.001385235608483952,-1.7153719390931375,-1.0719892661978083,0.0,3.0687871894968475,0.4548647020181256,1.7161333876879425,0.0,-0.5098779329122474,0.0
2.0,290.0,-0.0013613294294058725,-1.6520280565935517,-1.098576617271025,0.0,2.942479776906434,0.43945850919793883,1.651908847764864,0.0,-0.4933858701010973,0.0
2.0,300.0,-0.0013375810327218673,-1.5933972805899415,-1.122966816195648,0.0,2.8251250594553383,0.42494868423260046,1.5919810581492047,0.0,-0.47782281170807633,0.0
2.0,310.0,-0.001314048634159266,-1.5382440331824354,-1.1454146765848752,0.0,2.715810718293259,0.4112670462849033,1.5358915947147436,0.0,-0.46311519951618885,0.0
2.0,320.0,-0.0012907688175942502,-1.485858164214947,-1.1661001738021595,0.0,2.6137514377289164,0.3983516490843985,1.483257884119176,0.0,-0.44919710847145544,0.0
2.0,330.0,-0.001267785451514496,-1.4359936692842963,-1.1851388586249232,0.0,2.518263606618319,0.3861447181649295,1.4337648021187561,0.0,-0.43600978930746037,0.0
2.0,340.0,-0.0012451515983614434,-1.3886595610812043,-1.2026077380896156,0.0,2.4287460294859793,0.37459212208892284,1.387147855762559,0.0,-0.4235004103767077,0.0
2.0,350.0,-0.001222921508605904,-1.3439281081669943,-1.218569054367477,0.0,2.3446660919151388,0.3636435203535318,1.3431773211794942,0.0,-0.41162085218249167,0.0
2.0,360.0,-0.0012011423700538165,-1.3018191083209036,-1.23308547322764,0.0,2.26554983671107,0.3532526228144331,1.3016470321667784,0.0,-0.40032686114607974,0.0
2.0,370.0,-0.0011798493949571106,-1.2622577902155538,-1.246226684030302,0.0,2.1909744960603432,0.34337730057809956,1.2623679649778923,0.0,-0.3895775545266842,0.0
2.0,380.0,-0.001159064472514607,-1.2250816038330667,-1.2580699506967852,0.0,2.120562461613531,0.33397948850022424,1.2251653110095857,0.0,-0.3793351563032635,0.0
2.0,390.0,-0.001138797322549478,-1.1900702258958322,-1.2686974283751327,0.0,2.053976102312588,0.325024917353997,1.1898775327485926,0.0,-0.36956484218633784,0.0
2.0,400.0,-0.0011190479186848677,-1.1569803197640909,-1.278192403514375,0.0,1.99091314233027,0.31648274429493023,1.1563562367045517,0.0,-0.3602346103539594,0.0
2.0,410.0,-0.0010998092353489554,-1.1255747727077245,-1.286635777898269,0.0,1.9311024859123447,0.3083251460329625,1.1244661466816295,0.0,-0.3513151357013398,0.0
2.0,420.0,-0.0010810697479100575,-1.0956424373003755,-1.2941034242405978,0.0,1.8743004572657322,0.3005269217456027,1.094084834998382,0.0,-0.3427795953907552,0.0
2.0,430.0,-0.0010628154254000578,-1.0670082984738385,-1.300664576071459,0.0,1.8202874495651735,0.29306513388460803,1.065102118467846,0.0,-0.3346034704945665,0.0
2.0,440.0,-0.00104503116153359,-1.0395359025567934,-1.3063811539552768,0.0,1.7688649759162074,0.28591879963813177,1.0374191627467861,0.0,-0.3267643354790113,0.0
2.0,450.0,-0.0010277017033296053,-1.0131244796651602,-1.3113078163895708,0.0,1.7198531042528846,0.27906863518775316,1.0109473952077659,0.0,-0.31924164799306387,0.0
2.0,460.0,-0.0010108121840803966,-0.9877030464253143,-1.3154925009886462,0.0,1.6730882468756625,0.2724968485891534,0.9856073343849417,0.0,-0.3120165490360474,0.0
2.0,470.0,-0.0009943483744433716,-0.9632233033664448,-1.3189772468389453,0.0,1.628421267479547,0.2661869740548886,0.9613274273216849,0.0,-0.30507168016345554,0.0
2.0,480.0,-0.000978296751610908,-0.939652591165903,-1.321799133778346,0.0,1.5857158649112832,0.26012373954430557,0.9380429604752313,0.0,-0.29839102112141924,0.0
2.0,490.0,-0.0009626444646697035,-0.9169676730282594,-1.3239912221336136,0.0,1.5448471929394354,0.25429295998047113,0.9156950841220796,0.0,-0.29195974870039887,0.0
2.0,500.0,-0.0009473792517890361,-0.895149719720185,-1.3255834187268947,0.0,1.5057006779548907,0.2486814494753429,0.8942299686957721,0.0,-0.2857641158002002,0.0
2.0,510.0,-0.0009324893454054549,-0.8741805974249272,-1.3266032284851312,0.0,1.4681710006739241,0.24327694723251791,0.87359809554306,0.0,-0.27979134862951355,0.0
2.0,520.0,-0.0009179633863917101,-0.8540403829021896,-1.3270763754223045,0.0,1.4321612127258752,0.23806805306331902,0.8537536740129719,0.0,-0.27402955946899804,0.0
2.0,530.0,-0.0009037903573103404,-0.8347059336086327,-1.3270272932037124,0.0,1.3975819638593954,0.23304416956832194,0.8346541706984065,0.0,-0.2684676723386413,0.0
2.0,540.0,-0.0008899595376491664,-0.8161503000910887,-1.3264794955581025,0.0,1.364350820011106,0.22819544895182148,0.8162599339312034,0.0,-0.2630953590786633,0.0
2.0,550.0,-0.0008764604796078603,-0.7983427647770708,-1.325455842122338,0.0,1.3323916564447045,0.22351274314632993,0.7985338962494973,0.0,-0.25790298366185943,0.0
2.0,560.0,-0.0008632830007597361,-0.7812493101447967,-1.3239787173263573,0.0,1.3016341135109912,0.21898755644750134,0.7814413386465157,0.0,-0.2528815529204576,0.0
2.0,570.0,-0.0008504171890754316,-0.7648333492158854,-1.3220701398098582,0.0,1.272013105305967,0.21461200022695667,0.7649497023130257,0.0,-0.24802267223742527,0.0
2.0,580.0,-0.0008378534158365452,-0.7490565849945522,-1.319751818475669,0.0,1.2434683736687921,0.21037874953362876,0.7490284358326091,0.0,-0.24331850508824643,0.0
2.0,590.0,-0.0008255823525004776,-0.7338798982725308,-1.317045169246695,0.0,1.215944081640087,0.20628100154359363,0.7336488680691373,0.0,-0.23876173560819638,0.0
2.0,600.0,-0.0008135949883358696,-0.7192641925537073,-1.3139713043201267,0.0,1.1893884417767309,0.20231243589972273,0.7187840991106188,0.0,-0.23434553359668708,0.0
2.0,610.0,-0.0008018826464585903,-0.7051711495476858,-1.3105510034678105,0.0,1.1637533756714908,0.19846717701686142,0.704408903502614,0.0,-0.23006352155571178,0.0
2.0,620.0,-0.0007904369966586372,-0.6915638684605739,-1.306804674867867,0.0,1.138994201725643,0.1947397584318652,0.6904996415777205,0.0,-0.22590974349897563,0.0
2.0,630.0,-0.0007792500640647863,-0.6784073774364744,-1.302752311146141,0.0,1.115069348730743,0.19112508926284766,0.6770341759640637,0.0,-0.2218786353688469,0.0
2.0,640.0,-0.0007683142332253043,-0.6656690165215613,-1.2984134447826965,0.0,1.0919400931813952,0.1876184228171424,0.6639917913570381,0.0,-0.21796499696713192,0.0
2.0,650.0,-0.0007576222475886566,-0.6533186990980795,-1.293807105793055,0.0,1.0695703185034746,0.1842153273587505,0.6513531163982469,0.0,-0.21416396534979557,0.0
2.0,660.0,-0.0007471672046586939,-0.6413290635433396,-1.2889517836034021,0.0,1.0479262945723102,0.18091165901739226,0.6391000470615676,0.0,-0.21047098966125977,0.0
2.0,670.0,-0.000736942547290769,-0.6296755295352664,-1.283865394271725,0.0,1.0269764760354185,0.17770353679509635,0.6272156713362527,0.0,-0.20688180739599704,0.0
2.0,680.0,-0.0007269420517068965,-0.618336274498681,-1.2785652536287455,0.0,1.0066913180614174,0.17458731960386883,0.6156841952556045,0.0,-0.2033924220779901,0.0
2.0,690.0,-0.0007171598128572745,-0.6072921456229617,-1.2730680564899326,0.0,0.9870431082226224,0.1715595852499198,0.6044908704775825,0.0,-0.19999908234552488,0.0
2.0,700.0,-0.0007075902277582827,-0.5965265220511962,-1.2673898617923,0.0,0.9680058132917488,0.16861711126625786,0.593621923706417,0.0,-0.19669826242222763,0.0
2.0,800.0,-0.0006225362793647868,-0.5019479779567274,-1.2037262453942483,0.0,0.8064620103844731,0.1432851557350358,0.5003115158229695,0.0,-0.16813170252260334,0.0
2.0,900.0,-0.0005541357134287367,-0.4281936186898346,-1.1350288157939206,0.0,0.6857934342571769,0.12391823760263825,0.4292690886437221,0.0,-0.14606590487724325,0.0
2.0,1000.0,-0.0004992771211351661,-0.3730616182971666,-1.0681933528149932,0.0,0.594253235191114,0.10895404627732935,0.3749037106935778,0.0,-0.12885951686186534,0.0
2.0,1100.0,-0.00045534532181750213,-0.3330371732176909,-1.0066611883065806,0.0,0.5238816065092821,0.09727831128504741,0.33330525257367427,0.0,-0.11533974077930952,0.0
2.0,1200.0,-0.00042008520675605455,-0.30355716309981795,-0.9518008305823157,0.0,0.4690596271266196,0.08807163638682508,0.30142533378465286,0.0,-0.1046265474176335,0.0
2.0,1300.0,-0.00039161436822378586,-0.280476653740639,-0.903814676625978,0.0,0.4257595993716231,0.08072795282236818,0.27682720056770727,0.0,-0.09605334682507491,0.0
2.0,1400.0,-0.00036842092448710867,-0.26083929967830377,-0.8622964591270225,0.0,0.3910762737691358,0.07479897190560006,0.2575871343819677,0.0,-0.08911705207868448,0.0
2.0,1500.0,-0.0003493260324046102,-0.24295313912248429,-0.8265619848203448,0.0,0.36290439913006634,0.06995286277376127,0.24221908294601602,0.0,-0.08343981358914611,0.0
2.0,1600.0,-0.0003334280932159937,-0.2261323033849898,-0.7958380082894858,0.0,0.33971005977687646,0.0659432690101126,0.2295990565781607,0.0,-0.07873851106276052,0.0
2.0,1700.0,-0.0003200448774953655,-0.21036228976514004,-0.7693643466097811,0.0,0.3203678145017941,0.06258635961324183,0.21889235851446326,0.0,-0.07480084256875881,0.0
2.0,1800.0,-0.00030866220852659467,-0.19600834853304616,-0.7464442482917292,0.0,0.30404497895441585,0.05974403596323711,0.20948895245447308,0.0,-0.07146704630189607,0.0
2.0,1900.0,-0.0002988921179826178,-0.18360195851806083,-0.7264648610622956,0.0,0.2901195857486117,0.057311736965426456,0.20094953140889807,0.0,-0.06861620375780557,0.0
2.0,2000.0,-0.0002904403524089285,-0.17370178249207602,-0.70890115616587,0.0,0.2781222290185044,0.05520961138094268,0.1929624243351893,0.0,-0.06615611103504998,0.0
2.0,2100.0,-0.0002830818761940978,-0.1668127165626525,-0.6933112946875598,0.0,0.2676947543283584,0.05337612554059201,0.18531016812453796,0.0,-0.06401584543333204,0.0
2.0,2200.0,-0.0002766427313396904,-0.16334554785741284,-0.6793280837915581,0.0,0.25856079855699116,0.05176342132712074,0.17784410197630554,0.0,-0.062140328096185506,0.0
2.0,2300.0,-0.00027098674397560576,-0.16360280637005206,-0.6666491356839095,0.0,0.2505046668592016,0.050333929567135664,0.170465334501275,0.0,-0.06048634724959674,0.0
2.0,2400.0,-0.00026600583472469554,-0.1677802557947007,-0.6550271251139562,0.0,0.2433560888369748,0.04905788488381523,0.1631106327058213,0.0,-0.059019643335609516,0.0
2.0,2500.0,-0.0002616129682503983,-0.17597684165577035,-0.6442608292884369,0.0,0.2369791371747184,0.04791148994829047,0.15574204232575675,0.0,-0.0577127641794763,0.0
2.0,2600.0,-0.0002577370182910795,-0.1882084812705044,-0.6341872290162585,0.0,0.23126410862417432,0.046875549742362195,0.1483393016663946,0.0,-0.056543478637675754,0.0
2.0,2700.0,-0.0002543190163164035,-0.2044228886213993,-0.6246747283758906,0.0,0.22612152607853503,0.04593444792714364,0.14089432880931477,0.0,-0.05549359615844227,0.0
4.0,200.0,-0.0019200215664797785,-2.4650805542070677,-0.7182272807711588,0.0,4.4272357447443165,0.6442459911594312,2.4644248463756178,0.0,-0.7121675613621896,0.0
4.0,210.0,-0.0019123349559265269,-2.3407213749864155,-0.7705525308421646,0.0,4.171530787483321,0.6174462552622635,2.3409525612965134,0.0,-0.6852905380995665,0.0
4.0,220.0,-0.001897433034632117,-2.230516619228191,-0.8190998058530282,0.0,3.941007001930088,0.5924574531701932,2.22843457974702,0.0,-0.659979564589869,0.0
4.0,230.0,-0.0018761323158247424,-2.123369614789625,-0.8644791404358624,0.0,3.732673375254071,0.5690275426893296,2.125246829981138,0.0,-0.6360070283392494,0.0
4.0,240.0,-0.0018520020283757258,-2.032373460469417,-0.9059065095857554,0.0,3.54337892581192,0.547185536924979,2.030960524737909,0.0,-0.6134815972334581,0.0
4.0,250.0,-0.0018257470601197705,-1.9472075601882997,-0.9443431152508065,0.0,3.3706222298311133,0.5267584110155955,1.9441764787819429,0.0,-0.5922659647936399,0.0
4.0,260.0,-0.0017978286599139794,-1.865479512972221,-0.9800359056173406,0.0,3.212430579142849,0.5076058985497456,1.8639131416817551,0.0,-0.5722558430815862,0.0
4.0,270.0,-0.0017688171254710706,-1.7892862797833924,-1.012906345589233,0.0,3.067121834029316,0.48963098844318526,1.7895254638860985,0.0,-0.5533825255309033,0.0
4.0,280.0,-0.001739210405676474,-1.7198073064181278,-1.0430093243311283,0.0,2.933217533773279,0.4727494343260317,1.7204613015889147,0.0,-0.5355785516714882,0.0
4.0,290.0,-0.001709363318118491,-1.6564207122926748,-1.0705759936481156,0.0,2.809428960445691,0.4568776645071954,1.656186249548885,0.0,-0.5187696975392306,0.0
4.0,300.0,-0.001679516640362146,-1.597737069552563,-1.0958959984178032,0.0,2.6946485485082565,0.4419337430188399,1.5961994568797382,0.0,-0.5028806271029315,0.0
4.0,310.0,-0.0016498431968152362,-1.5425355902444782,-1.1192213883177964,0.0,2.587929953498714,0.42784096063476407,1.5400586610517437,0.0,-0.48784080831702503,0.0
4.0,320.0,-0.0016204773880085007,-1.4901126903973256,-1.140733095870787,0.0,2.488461771350479,0.41452987678059516,1.4873879333275373,0.0,-0.47358689737108267,0.0
4.0,330.0,-0.0015915275272522533,-1.440221286772354,-1.1605499941021968,0.0,2.3955420950122255,0.4019385328147858,1.4378706935274315,0.0,-0.46006246472353535,0.0
4.0,340.0,-0.0015630791880362088,-1.3928652363611953,-1.1787532981846487,0.0,2.3085576206618375,0.3900116722688804,1.3912368824787658,0.0,-0.44721669807928294,0.0
4.0,350.0,-0.0015351961139032893,-1.3481110035896258,-1.195409346751063,0.0,2.2269679056142033,0.3786996995524339,1.347250656610762,0.0,-0.4350031260141196,0.0
4.0,360.0,-0.0015079217319472545,-1.3059740382295675,-1.2105843378036498,0.0,2.150293858816076,0.3679577525084282,1.305701267364434,0.0,-0.42337874644688755,0.0
4.0,370.0,-0.001481281889670968,-1.266377437772556,-1.224350863367016,0.0,2.0781091924909827,0.3577449978237669,1.2663973523221055,0.0,-0.412303560476136,0.0
4.0,380.0,-0.0014552883649222412,-1.2291585841178467,-1.236788593443104,0.0,2.01003376362174,0.34802412685000916,1.2291638083751655,0.0,-0.40174037217719055,0.0
4.0,390.0,-0.0014299424860689373,-1.1940985503676753,-1.247981781924623,0.0,1.9457280804326913,0.3387609896571146,1.1938402269109811,0.0,-0.3916547095947931,0.0
4.0,400.0,-0.0014052383624942888,-1.160956163523538,-1.2580156710913568,0.0,1.8848885535966826,0.329924309698879,1.160280069299732,0.0,-0.38201476673231305,0.0
4.0,410.0,-0.0013811654726720928,-1.1294966434450366,-1.266973082735311,0.0,1.827243280157127,0.32148543999829005,1.1283500558475652,0.0,-0.37279131544822947,0.0
4.0,420.0,-0.0013577105596875227,-1.099510924501989,-1.2749318212935192,0.0,1.7725482672375898,0.3134181397494931,1.0979294976412763,0.0,-0.3639575724529998,0.0
4.0,430.0,-0.0013348589085421746,-1.0708255868113703,-1.2819630643130755,0.0,1.720584058669218,0.3056983628618472,1.0689094775328465,0.0,-0.35548902747846683,0.0
4.0,440.0,-0.0013125951352819989,-1.0433052011579729,-1.28813065936535,0.0,1.6711527464469236,0.2983040570659712,1.0411918880507065,0.0,-0.3473632474611441,0.0
4.0,450.0,-0.0012909036270259229,-1.016849474147727,-1.2934911315887927,0.0,1.6240753493680893,0.2912149752141205,1.0146883799066901,0.0,-0.3395596727217455,0.0
4.0,460.0,-0.0012697687553421817,-0.9913874374589443,-1.2980941795886778,0.0,1.5791895350457388,0.2844125009643331,0.9893192857061134,0.0,-0.3320594183817942,0.0
4.0,470.0,-0.001249174958405752,-0.9668704606850509,-1.3019834585067818,0.0,1.5363476549263053,0.27787949040406834,0.965012575815657,0.0,-0.32484509016233504,0.0
4.0,480.0,-0.001229106759331721,-0.9432653271601883,-1.3051974902494998,0.0,1.4954150576021246,0.27160013015570644,0.9417028881083895,0.0,-0.3179006197022628,0.0
4.0,490.0,-0.0012095487637849736,-0.9205481245270093,-1.3077705858414348,0.0,1.4562686441888517,0.26555981155220704,0.9193306569798662,0.0,-0.31121112128108286,0.0
4.0,500.0,-0.0011904856611684497,-0.8986993184587931,-1.3097337052616478,0.0,1.4187956304657996,0.2597450197628157,0.8978413528824565,0.0,-0.30476276952132464,0.0
4.0,510.0,-0.0011719022404167593,-0.8777001069210835,-1.311115212538673,0.0,1.3828924831370177,0.2541432363241386,0.8771848328830698,0.0,-0.29854269621346397,0.0
4.0,520.0,-0.0011537834228672052,-0.8575299801451849,-1.3119415078058956,0.0,1.3484640012332267,0.24874285335553206,0.8573147954853024,0.0,-0.2925389036774173,0.0
4.0,530.0,-0.0011361143097687015,-0.8381653166372858,-1.312237534356335,0.0,1.3154225177399443,0.24353309774657766,0.8381883286868234,0.0,-0.28674019185273575,0.0
4.0,540.0,-0.0011188802396680702,-0.8195788061081513,-1.3120271689445036,0.0,1.2836872005751498,0.2385039637335967,0.8197655382874949,0.0,-0.2811360964173381,0.0
4.0,550.0,-0.0011020668502925175,-0.8017394872042692,-1.3113335091902416,0.0,1.2531834357787583,0.23364615247693143,0.8020092431472137,0.0,-0.2757168355308777,0.0
4.0,560.0,-0.0010856601399397393,-0.7846132065241043,-1.3101790743049206,0.0,1.2238422790706094,0.22895101747008842,0.7848847248342793,0.0,-0.2704732631809821,0.0
4.0,570.0,-0.0010696465243001767,-0.7681633348780086,-1.3085859355873262,0.0,1.1955999647291555,0.22441051482819124,0.768359520451003,0.0,-0.26539682750979277,0.0
4.0,580.0,-0.0010540128857392174,-0.7523516098554227,-1.3065757920629977,0.0,1.1683974630452314,0.22001715769995484,0.7524032490428519,0.0,-0.26047953287246933,0.0
4.0,590.0,-0.0010387466131561787,-0.7371390059831623,-1.3041700048699085,0.0,1.142180079454813,0.2157639742163334,0.7369874636665236,0.0,-0.2557139047062641,0.0
4.0,600.0,-0.0010238356314983357,-0.7224865625701676,-1.3013896019366042,0.0,1.1168970899098487,0.21164446852755386,0.7220855227705887,0.0,-0.2510929565595486,0.0
4.0,610.0,-0.0010092684207906437,-0.7083561235833169,-1.2982552624211812,0.0,1.0925014081707707,0.2076525845895304,0.707672475951585,0.0,-0.2466101588444863,0.0
4.0,620.0,-0.0009950340251336845,-0.6947109633168675,-1.2947872884383933,0.0,1.0689492815601247,0.20378267244375575,0.693724960353942,0.0,-0.24225940903957544,0.0
4.0,630.0,-0.0009811220525354591,-0.6815162864642019,-1.2910055698806113,0.0,1.0462000123599282,0.20002945679571646,0.6802211049778417,0.0,-0.23803500318613866,0.0
4.0,640.0,-0.000967522666700918,-0.6687396020132613,-1.286929546669236,0.0,1.0242157025140413,0.1963880077399072,0.6671404409566123,0.0,-0.23393160860395698,0.0
4.0,650.0,-0.0009542265720351813,-0.6563509778189603,-1.2825781715577653,0.0,1.0029610196510919,0.19285371350859215,0.6544638164855683,0.0,-0.22994423780334772,0.0
4.0,660.0,-0.0009412249931508579,-0.6443231874205074,-1.2779698756292632,0.0,0.982402982705562,0.1894222551400933,0.6421733155526187,0.0,-0.22606822360103696,0.0
4.0,670.0,-0.0009285096501329919,-0.6326317632842393,-1.2731225378625346,0.0,0.962510765609758,0.18608958297350722,0.6302521799634052,0.0,-0.22229919546114094,0.0
4.0,680.0,-0.0009160727307293608,-0.621254971700965,-1.268053459553061,0.0,0.9432555176769706,0.1828518948827379,0.6186847343946397,0.0,-0.21863305708532554,0.0
4.0,690.0,-0.0009039068605175177,-0.610173724500299,-1.2627793439361605,0.0,0.9246101994107063,0.17970561616541683,0.6074563143705592,0.0,-0.215065965271628,0.0
4.0,700.0,-0.0008920050719674678,-0.5993714419255263,-1.257316281043001,0.0,0.9065494325669754,0.17664738100304228,0.5965531971578744,0.0,-0.21159431005246088,0.0
4.0,800.0,-0.0007862095874749706,-0.5044477565336373,-1.1953873058666988,0.0,0.7534561175658865,0.1502860836203467,0.5029449566463664,0.0,-0.1814658290948309,0.0
4.0,900.0,-0.0007011244088399714,-0.43034677498278884,-1.1277768217799788,0.0,0.63924226272944,0.1300739110897195,0.43161925419362646,0.0,-0.15807560898825665,0.0
4.0,1000.0,-0.0006328794806418067,-0.3748265919040826,-1.0615604911394692,0.0,0.5526536710813191,0.11441336580700508,0.37690669478132066,0.0,-0.13975502145011642,0.0
4.0,1100.0,-0.0005782157111454811,-0.33438784904374985,-1.0003320859700506,0.0,0.4861210881595353,0.10217026792121676,0.3348903988049348,0.0,-0.12530682726400982,0.0
4.0,1200.0,-0.0005343396216245527,-0.3045125347698845,-0.9455691455499788,0.0,0.43431752032432996,0.09250566921004913,0.3025642498524608,0.0,-0.11382499419792584,0.0
4.0,1300.0,-0.0004989327141248373,-0.28109746972340005,-0.8975483474086031,0.0,0.39342675425932466,0.08479321181311858,0.2775432217725631,0.0,-0.10461704398638226,0.0
4.0,1400.0,-0.0004701364820351134,-0.26120955807076973,-0.8559141989971675,0.0,0.3606952779267941,0.07856572541200472,0.25794257707129314,0.0,-0.09715617403800958,0.0
4.0,1500.0,-0.0004464986654942115,-0.24316042092479764,-0.8200179712501678,0.0,0.33412709449600825,0.07347545196756852,0.24229644508888817,0.0,-0.09104406918074305,0.0
4.0,1600.0,-0.0004269022505214533,-0.22625307345072646,-0.7891117101727391,0.0,0.31226779069812954,0.06926350991260037,0.22948450304709328,0.0,-0.08598061438261727,0.0
4.0,1700.0,-0.00041049496973463067,-0.2104533012928179,-0.7624534676409088,0.0,0.2940505779490267,0.06573668386032644,0.21866418366812795,0.0,-0.0817397224563093,0.0
4.0,1800.0,-0.00039662801503711966,-0.19610313336560178,-0.7393596121813519,0.0,0.27868667715735573,0.06275007210212019,0.20921092296514346,0.0,-0.07815059771859784,0.0
4.0,1900.0,-0.00038480646644395645,-0.18371084295771495,-0.7192265804042605,0.0,0.2655874529541731,0.060194285614404895,0.20066801882929183,0.0,-0.07508354681265565,0.0
4.0,2000.0,-0.000374650838360768,-0.17381401773259716,-0.7015357079832918,0.0,0.2543091350142398,0.0579860847515183,0.19270610985915285,0.0,-0.07243939962836755,0.0
4.0,2100.0,-0.00036586797693757595,-0.16689966704436385,-0.6858492724531723,0.0,0.24451351598798812,0.05606155927987689,0.1850913034400106,0.0,-0.07014169467923168,0.0
4.0,2200.0,-0.0003582293455856354,-0.16336423045255366,-0.6718024726525761,0.0,0.23593991438878922,0.05437116523976481,0.17766058423003914,0.0,-0.06813093254910642,0.0
4.0,2300.0,-0.0003515549437241096,-0.1634993498375681,-0.6590940000595811,0.0,0.2283850760666276,0.052876107204017274,0.17030309892662276,0.0,-0.06636035446331807,0.0
4.0,2400.0,-0.00034570143212011754,-0.16749304571239132,-0.6474766235335746,0.0,0.22168867949302917,0.051545692072289234,0.16294605501003934,0.0,-0.06479283654679655,0.0
4.0,2500.0,-0.000340553362107397,-0.1754392446133703,-0.6367484887510027,0.0,0.21572281015206418,0.05035538416569699,0.15554417586288086,0.0,-0.06339859721568145,0.0
4.0,2600.0,-0.0003360166806651388,-0.18735112120711206,-0.6267454241556079,0.0,0.21038425934277924,0.04928536745741376,0.14807186265546843,0.0,-0.06215349679701692,0.0
4.0,2700.0,-0.00033201390009176255,-0.20317549339402985,-0.6173343210520936,0.0,0.20558884414397824,0.04831947575760579,0.14051739840335245,0.0,-0.061037769132706296,0.0
