Pressure (atm),Temperature (K),colrel_FactorOne_R1->P1,colrel_FactorOne_P1->W1
1.0,200.0,-0.00019971074258122866,0.43462199142210944
1.0,210.0,-1.0845263375824117e-05,0.4441187191081686
1.0,220.0,1.1929644655532088e-05,0.4796062258207224
1.0,230.0,3.6312989871258713e-06,0.5004895077856881
1.0,240.0,-3.2708570407220036e-06,0.5125920829722588
1.0,250.0,-4.956875827533392e-06,0.5238742407516973
1.0,260.0,-3.600483280818832e-06,0.5376040240831346
1.0,270.0,-1.3730882668585768e-06,0.5537709250974583
1.0,280.0,5.580678552259058e-07,0.5711009157971425
1.0,290.0,1.7987359789636839e-06,0.5882483421449621
1.0,300.0,2.361475870973698e-06,0.6042693775749634
1.0,310.0,2.4123108282870722e-06,0.6186946924387049
1.0,320.0,2.1373689003254655e-06,0.6314343177261118
1.0,330.0,1.6883524075885393e-06,0.642641968291102
1.0,340.0,1.1699563870186882e-06,0.6525949002777308
1.0,350.0,6.456403351059322e-07,0.6616067249211268
1.0,360.0,1.4900263581669665e-07,0.6699728213504974
1.0,370.0,-3.0514961934854416e-07,0.6779415445412763
1.0,380.0,-7.1218527054876e-07,0.6857033746161834
1.0,390.0,-1.0718136107221446e-06,0.6933912694288169
1.0,400.0,-1.3846068060879309e-06,0.7010871825993923
1.0,410.0,-1.650253765554406e-06,0.7088313132625403
1.0,420.0,-1.866956104239854e-06,0.7166319314445859
1.0,430.0,-2.0314990105304937e-06,0.7244745478078867
1.0,440.0,-2.13966318747399e-06,0.7323298205644634
1.0,450.0,-2.186758644489389e-06,0.7401599873132981
1.0,460.0,-2.1681486620793993e-06,0.7479238419563465
1.0,470.0,-2.0796940330091844e-06,0.7555804001050467
1.0,480.0,-1.9180884453500696e-06,0.7630914500218403
1.0,490.0,-1.6810809275884383e-06,0.7704231978228137
1.0,500.0,-1.3675953071495761e-06,0.7775472039344
1.0,510.0,-9.777633373071251e-07,0.7844407845590683
1.0,520.0,-5.128902472333977e-07,0.7910870244738247
1.0,530.0,2.4629126838389137e-08,0.7974745200958419
1.0,540.0,6.314274873090868e-07,0.8035969466469497
1.0,550.0,1.3033019732314868e-06,0.8094525214387481
1.0,560.0,2.0353600092495792e-06,0.8150434170504179
1.0,570.0,2.822165853880285e-06,0.8203751633376806
1.0,580.0,3.657881834044066e-06,0.8254560654431381
1.0,590.0,4.5364001296975005e-06,0.8302966558434893
1.0,600.0,5.4514624893725065e-06,0.8349091915268916
1.0,610.0,6.39676644398195e-06,0.8393072022330145
1.0,620.0,7.366057484979391e-06,0.8435050919461162
1.0,630.0,8.353207330235338e-06,0.8475177931987482
1.0,640.0,9.352278861673627e-06,0.8513604719642148
1.0,650.0,1.035757862344225e-05,0.8550482797816573
1.0,660.0,1.136369795334748e-05,0.8585961491025493
1.0,670.0,1.2365543913000532e-05,0.8620186275409581
1.0,680.0,1.3358361207750406e-05,0.8653297466509141
1.0,690.0,1.4337746265346641e-05,0.868542920965227
1.0,700.0,1.5299654587562672e-05,0.8716708732526668
1.0,800.0,2.3316237697382615e-05,0.9005105056813454
1.0,900.0,2.7485573957883508e-05,0.9292988641687099
1.0,1000.0,2.7927710418666777e-05,0.960255094047472
1.0,1100.0,2.560597297955464e-05,0.9928397379984406
1.0,1200.0,2.1590766482319578e-05,1.0257071472277435
1.0,1300.0,1.6773080536909742e-05,1.0575725602875015
1.0,1400.0,1.1802131429874013e-05,1.0874860929789132
1.0,1500.0,7.110315145976721e-06,1.1148534278021016
1.0,1600.0,2.9618266101359983e-06,1.139371051920074
1.0,1700.0,-5.000354635691115e-07,1.1609466302490663
1.0,1800.0,-3.214531954658334e-06,1.1796295605701326
1.0,1900.0,-5.174898933021108e-06,1.1955576911588324
1.0,2000.0,-6.408021129969396e-06,1.2089191448085892
1.0,2100.0,-6.960430963205331e-06,1.2199261980670202
1.0,2200.0,-6.888908178616163e-06,1.2287980890395105
1.0,2300.0,-6.254323782211408e-06,1.2357501579969188
1.0,2400.0,-5.11772477231797e-06,1.2409873494165808
1.0,2500.0,-3.5379419636963215e-06,1.2447006475340023
1.0,2600.0,-1.5702181182412823e-06,1.247065440471487
1.0,2700.0,7.344910001501395e-07,1.2482411194686738
1.0,2800.0,3.3297801999889336e-06,1.2483714419386764
1.0,2900.0,6.173784086708332e-06,1.2475853424939791
1.0,3000.0,9.229000118764042e-06,1.245997983346658
2.0,200.0,0.00019866392329590676,0.36413749645668014
2.0,210.0,1.5170955000923953e-05,0.37462590325987843
2.0,220.0,-1.5048491009864063e-05,0.4106725564260413
2.0,230.0,-7.285856359093483e-06,0.4325511819952398
2.0,240.0,2.838730683205015e-06,0.4459210195057452
2.0,250.0,7.467301498878262e-06,0.45853840424383635
2.0,260.0,7.188803081017218e-06,0.4735781591920287
2.0,270.0,4.280382366671379e-06,0.4910138153491275
2.0,280.0,6.582867242809453e-07,0.5095866143698267
2.0,290.0,-2.510306400368362e-06,0.5279702738665001
2.0,300.0,-4.688177646019313e-06,0.5452335565193442
2.0,310.0,-5.752828835634435e-06,0.5609110528636825
2.0,320.0,-5.812671445290901e-06,0.5749099056021442
2.0,330.0,-5.079870209742553e-06,0.587376897448786
2.0,340.0,-3.792661740624709e-06,0.5985807373579337
2.0,350.0,-2.1731141753778765e-06,0.6088265900968685
2.0,360.0,-4.0772728570595713e-07,0.6184025068526726
2.0,370.0,1.358404811678303e-06,0.6275511072751053
2.0,380.0,3.0200600435472393e-06,0.636458833423149
2.0,390.0,4.506847842193822e-06,0.6452561848993957
2.0,400.0,5.776932307168027e-06,0.6540240058372802
2.0,410.0,6.810763180986386e-06,0.6628024625254594
2.0,420.0,7.605428194630307e-06,0.6716005998549547
2.0,430.0,8.169870669850256e-06,0.6804052694231087
2.0,440.0,8.521011458173682e-06,0.6891888328031291
2.0,450.0,8.680709979119224e-06,0.6979154301519375
2.0,460.0,8.673453803202725e-06,0.706545832016511
2.0,470.0,8.524653979278314e-06,0.7150410131090993
2.0,480.0,8.25942837914777e-06,0.7233646395905194
2.0,490.0,7.901768446113478e-06,0.7314846730888868
2.0,500.0,7.47400062852634e-06,0.7393742834200104
2.0,510.0,6.996469634002832e-06,0.7470122394189129
2.0,520.0,6.487385077472263e-06,0.7543829205971755
2.0,530.0,5.9627855656941485e-06,0.7614760656562263
2.0,540.0,5.436584663640964e-06,0.7682863494142506
2.0,550.0,4.920671655160376e-06,0.7748128584328662
2.0,560.0,4.425046773713644e-06,0.781058517825159
2.0,570.0,3.957975900317179e-06,0.787029507251546
2.0,580.0,3.5261538587051748e-06,0.7927346926240761
2.0,590.0,3.1348686100852997e-06,0.7981850911229208
2.0,600.0,2.7881610574889052e-06,0.8033933803513498
2.0,610.0,2.4889769758684004e-06,0.8083734574167759
2.0,620.0,2.239308922046403e-06,0.8131400500713982
2.0,630.0,2.040326955478862e-06,0.8177083794751375
2.0,640.0,1.8924977015732724e-06,0.8220938724058219
2.0,650.0,1.7956917808320441e-06,0.8263119196339477
2.0,660.0,1.7492799614449311e-06,0.8303776765396531
2.0,670.0,1.7522186104218058e-06,0.8343059017504143
2.0,680.0,1.8031251498904794e-06,0.8381108295205048
2.0,690.0,1.9003442944033192e-06,0.8418060716818784
2.0,700.0,2.042005869907919e-06,0.845404545213772
2.0,800.0,5.420117394153592e-06,0.8783573368133397
2.0,900.0,1.0850455694459829e-05,0.9103259527896549
2.0,1000.0,1.665899511404852e-05,0.943737553085369
2.0,1100.0,2.1885880921330468e-05,0.97824038949952
2.0,1200.0,2.6090815234694875e-05,1.012640148131451
2.0,1300.0,2.9140815989405428e-05,1.0457659637380066
2.0,1400.0,3.1065160314178404e-05,1.0767502262185327
2.0,1500.0,3.196912016801504e-05,1.1050565685555347
2.0,1600.0,3.19861874476733e-05,1.130421628803072
2.0,1700.0,3.1253120261158434e-05,1.152780562599956
2.0,1800.0,2.9897875428440133e-05,1.1722014065981834
2.0,1900.0,2.8034571887261122e-05,1.1888345266279932
2.0,2000.0,2.576215294669497e-05,1.2028763632878385
2.0,2100.0,2.3164892072311813e-05,1.2145446487570493
2.0,2200.0,2.031372915637042e-05,1.2240621395000688
2.0,2300.0,1.7267897821576574e-05,1.2316463936125464
2.0,2400.0,1.4076567741233023e-05,1.2375037097049166
2.0,2500.0,1.078037070209436e-05,1.2418258611216741
2.0,2600.0,7.412757224458254e-06,1.2447886634064225
2.0,2700.0,4.0011714162534225e-06,1.246551711171543
2.0,2800.0,5.68051979514849e-07,1.2472588335646568
2.0,2900.0,-2.8683237362608017e-06,1.2470389666117858
2.0,3000.0,-6.2931327727076255e-06,1.2460072436084864
