Pressure (atm),Temperature (K),W2_Frequencies_1_W2->P1,W2_Frequencies_1_W2->P2,W2_Energy_1_W2->P1,W2_Energy_1_W2->P2,W1_Frequencies_1_W2->P1,W1_Frequencies_1_W2->P2,B1_Energy_1_W2->P1,B1_Energy_1_W2->P2,B3_Frequencies_1_W2->P1,B3_Frequencies_1_W2->P2,B2_Frequencies_1_W2->P1,B2_Frequencies_1_W2->P2,B1_SymmetryFactor_1_W2->P1,B1_SymmetryFactor_1_W2->P2,P2_SymmetryFactor_1_W2->P1,P2_SymmetryFactor_1_W2->P2,W3_SymmetryFactor_1_W2->P1,W3_SymmetryFactor_1_W2->P2,B2_ImaginaryFrequency_1_W2->P1,B2_ImaginaryFrequency_1_W2->P2,B3_SymmetryFactor_1_W2->P1,B3_SymmetryFactor_1_W2->P2,W3_Energy_1_W2->P1,W3_Energy_1_W2->P2,P1_Frequencies_1_W2->P1,P1_Frequencies_1_W2->P2,B2_SymmetryFactor_1_W2->P1,B2_SymmetryFactor_1_W2->P2,P2_Frequencies_1_W2->P1,P2_Frequencies_1_W2->P2,B1_Frequencies_1_W2->P1,B1_Frequencies_1_W2->P2,W1_SymmetryFactor_1_W2->P1,W1_SymmetryFactor_1_W2->P2,P2_Energy_1_W2->P1,P2_Energy_1_W2->P2,B3_ImaginaryFrequency_1_W2->P1,B3_ImaginaryFrequency_1_W2->P2,W3_Frequencies_1_W2->P1,W3_Frequencies_1_W2->P2,P1_SymmetryFactor_1_W2->P1,P1_SymmetryFactor_1_W2->P2,W1_Energy_1_W2->P1,W1_Energy_1_W2->P2,B3_Energy_1_W2->P1,B3_Energy_1_W2->P2,B2_Energy_1_W2->P1,B2_Energy_1_W2->P2,W2_SymmetryFactor_1_W2->P1,W2_SymmetryFactor_1_W2->P2,P1_Energy_1_W2->P1,P1_Energy_1_W2->P2
1.0,200.0,10.75089274490172,1.109074339526786,0.8660043656423392,-2.4550585962967135,-7.847317674870538,-3.291253737160576,73.96286357175595,-9.999760677741884,2.9864092629192793,1.9015218157785578,6.730693460309953,-5.563496995359887,-0.7502056948602157,-1.62735304554114,0.0,0.0,0.11906819192636794,-5.319310634421485,13.054191283260733,-5.46120542201545,3.0761298454824573,25.317116095271427,-0.03635148796920154,21.931015595063258,0.0,0.0,1.932213213618083,-1.8434314244252497,0.0,0.0,0.00020818136646372624,-2.0003619928885006,0.7509577220680239,6.366999574600397,0.0,0.0,-28.456770911749707,4.37034243241001,5.856594561299206,-6.406309449908407,0.0,0.0,-105.29007213271018,-5.282428003756758,-21.063232734335557,24.261748638178787,-29.002200720158324,10.519802172258398,-7.665228508096492,-7.775747312831489,0.0,0.0
1.0,210.0,42.441748820136056,-9.039237159695988,0.9802676816083195,0.9961725903288845,-8.7321352056608,-0.5710815969293712,103.1082615301544,-2.0367274978921612,2.251727502210646,-0.05039907375136199,-6.533641098009754,-0.806670373140391,-0.5872236205392743,-1.000123570521394,0.0,0.0,-0.13524954532819428,-2.3525036239381185,-8.662219876112564,-1.1970531456576274,2.720697732519977,4.175593399825693,0.0017895762729559245,4.154687242579169,0.0,0.0,0.9564563669779337,-0.4837829131847607,0.0,0.0,0.000545098912558752,-0.26149859020332145,0.5777666164124161,1.0553229217741738,0.0,0.0,-38.0468113908718,6.389160381430222,-6.977651283913776,-2.1648595636957677,0.0,0.0,-85.18953863499091,0.3485572301792387,-21.777793975449093,-2.968266002965006,-44.3294477727326,-7.1570285567651055,-6.176734231170837,-0.7946535841679656,0.0,0.0
1.0,220.0,34.744319452330046,-6.843941770298673,0.9597219541977208,2.173344418032876,-9.513893929262556,0.33032575271751063,100.46628653643195,0.8448259398311878,2.302506339720609,-0.6428124833051361,-5.428504714784165,0.6654150771246405,-0.5936872447962139,-0.6226657529517265,0.0,0.0,-0.11638345047319426,-1.0737790363088038,-8.098889552910398,0.2213656834269605,2.74178362711464,-2.4369708673425827,-0.0008118738271789945,-1.2781785507464738,0.0,0.0,1.039868374400898,0.013493538016500566,0.0,0.0,0.0005930077112301178,0.23722219811463705,0.5869054678822649,-0.5666713229809001,0.0,0.0,-36.67543276104786,7.542901385367442,-5.923549321568483,-0.9277300188319645,0.0,0.0,-58.29674024794743,1.3162891528142282,-18.20347708767515,-7.8991514742156745,-39.33079257862958,-7.755303346142641,-6.280641633137953,1.3231387703999036,0.0,0.0
1.0,230.0,17.665070007351215,-1.7937442555867285,0.9298829924787159,2.386995555007291,-9.778944714274495,0.47212262499164365,87.14653395891938,1.511258937452641,2.4962596419049707,-0.7090641233849339,-0.7987925591937705,0.807364906125733,-0.6291508722541576,-0.38157900160313774,0.0,0.0,-0.02880983859192361,-0.5415589287299637,-1.2528794708059916,0.46470577187298495,2.796793055051473,-3.248675713901006,-0.013642933428579957,-1.815154656479676,0.0,0.0,1.337528958280001,0.1400525852519192,0.0,0.0,0.0005122767795897473,0.2522630052896996,0.6282976952590861,-0.7203649105581156,0.0,0.0,-31.483057680762553,8.151365359224092,-1.4364104577735055,-0.8935081248856251,0.0,0.0,-34.498130346215355,0.7100263163326094,-13.927122845424865,-5.234641476303652,-28.71422048043678,-3.430344245533023,-6.576440775487679,1.5352387311578384,0.0,0.0
1.0,240.0,2.5952284262444385,2.51261554736536,0.9268312126818609,2.248556461455903,-9.505211601281806,0.345371628463241,72.109849083199,1.3224496105878283,2.606040636708151,-0.6176687950854389,3.247730143918126,0.5115544070414321,-0.6455388306053667,-0.2197250192395987,0.0,0.0,0.04927958840965799,-0.31888190170949987,5.429088184122497,0.29997959070101765,2.7753672967490512,-2.1964356130547142,-0.02509584447732695,-0.8078058826808371,0.0,0.0,1.5444339625367538,0.12610286270547863,0.0,0.0,0.0003880222901843665,0.12224628088115293,0.6501404577825926,-0.4080881233502791,0.0,0.0,-25.578733830703435,8.433641653024148,2.514399291245029,-1.2415235198919752,0.0,0.0,-16.625677180803653,-0.16643882125422405,-10.153366628755762,-1.200216506039213,-18.481750446391434,0.9592000350194275,-6.602741046077644,1.162266796847093,0.0,0.0
1.0,250.0,-7.288305675475891,5.078472115288403,0.951648837230269,2.0278919698203244,-8.807742781129448,0.1646578012894209,58.686682196976285,0.8950865855572704,2.582767806070576,-0.5174961368184176,5.561415551442845,0.1577857446656383,-0.6336613704030425,-0.10747713266773791,0.0,0.0,0.09542553501144373,-0.21155902709452834,9.854013954580509,0.05753589604737262,2.6636311755331565,-0.9249510483230482,-0.03187142551692527,0.35000490905514453,0.0,0.0,1.5885173994462223,0.07413565092019662,0.0,0.0,0.0002629991157278718,-0.013542179555796837,0.6421382222552285,-0.04841319012399969,0.0,0.0,-20.183461541898264,8.534364695557647,4.809911599778575,-1.6244142515200828,0.0,0.0,-4.607533363996366,-0.8363471933825763,-7.125242539924911,1.9124325447662247,-10.636410761850293,3.8473265514002395,-6.290192326731527,0.7462111669067886,0.0,0.0
1.0,260.0,-12.144873118106249,5.965561457568051,0.9942984623274416,1.8312920437117024,-7.82929942524815,0.01283105902737958,47.71410072691165,0.4848495137042799,2.4455838439083837,-0.45711084102293603,6.186945520139323,-0.11530341066317744,-0.598791366085464,-0.028743559262180043,0.0,0.0,0.10986561278876156,-0.1398729107557804,11.793686299292242,-0.13834976137402877,2.482396076570244,-0.013100943816013247,-0.034033000446293975,1.1732325141030748,0.0,0.0,1.488495716139601,0.025401016919793924,0.0,0.0,0.0001564739726683649,-0.10804274885247707,0.6095374952111456,0.21178871998816545,0.0,0.0,-15.664768469688507,8.545788917892589,5.4840286863331,-1.917388104426555,0.0,0.0,2.6388483326037813,-1.1880858498422504,-4.747458675897746,3.552919988353186,-5.446158889979037,5.060017451345175,-5.712149481771706,0.47014194370999596,0.0,0.0
1.0,270.0,-13.244336824986302,5.588685520569724,1.0434460481511831,1.6898001028203709,-6.6976475832442155,-0.08741577132344854,39.0237369801641,0.1775895596256748,2.2330615903724316,-0.44228250778849687,5.563201944063096,-0.2769679888880681,-0.5499570679626109,0.025844519885193585,0.0,0.0,0.10047957941277823,-0.07602355276006666,11.715692682064752,-0.25618621072309844,2.2602626145910345,0.4285624801281119,-0.03276179878550385,1.5750044375769916,0.0,0.0,1.2902163153753512,-0.0071376503704676,0.0,0.0,7.503964833864292e-05,-0.1543367050570439,0.5617133201545284,0.3451568278445845,0.0,0.0,-12.030796849717023,8.524494749712979,4.95292772417364,-2.0950274620455698,0.0,0.0,6.382652270418667,-1.2559187970903156,-2.845941904241575,3.8698187372322055,-2.5139931878120847,4.932232516843456,-4.975859698611538,0.3616860345998995,0.0,0.0
1.0,280.0,-12.007893144658649,4.411102457856581,1.0899556238755341,1.6024923921645924,-5.512669786116391,-0.1386277366424925,32.12543290793697,-0.0159155741177281,1.9830574220413477,-0.46304620512552574,4.181016724261293,-0.3399922177006198,-0.49563378606794767,0.062249875273271825,0.0,0.0,0.07630297788037652,-0.014085908417427288,10.256738913685025,-0.3024762668149951,2.0229833848657783,0.4722994993369231,-0.02939580533253102,1.6228831906582055,0.0,0.0,1.040082515162889,-0.022661652545334303,0.0,0.0,1.8774100199194286e-05,-0.16083690809585785,0.5075540354795843,0.3710268571170169,0.0,0.0,-9.160466217793504,8.503374060789536,3.6850343834526824,-2.1717722848580845,0.0,0.0,7.7555397416034815,-1.119269037367043,-1.2645891886494687,3.2308664747629066,-1.2651294444950072,3.915767594723938,-4.179156481922703,0.3895686982629266,0.0,0.0
1.0,290.0,-9.642868306058102,2.8281147053924243,1.1276631071211283,1.5571138313627506,-4.346013817911966,-0.15203590899386477,26.50193785778771,-0.11399117928300126,1.7257297032817578,-0.5058440098841636,2.454383727691504,-0.3306506013138979,-0.4423382303356626,0.08463892961172581,0.0,0.0,0.04505124205160046,0.04398463062805297,8.004907676705976,-0.2960650025435927,1.7901752780578186,0.24198485811166784,-0.025066974866529968,1.427078672204018,0.0,0.0,0.7755978096051617,-0.024792261593623282,0.0,0.0,-1.5295914553293907e-05,-0.13995313225124423,0.4539363528570525,0.3219206155997547,0.0,0.0,-6.9055208309355764,8.499958623639111,2.0764922398263623,-2.1741484666279534,0.0,0.0,7.654282188911582,-0.8594279701868222,0.1079259221235973,2.016024605429024,-1.152361614993113,2.4206897811241235,-3.3968028974496773,0.5074824711799019,0.0,0.0
1.0,300.0,-7.045645063987441,1.1357850929631557,1.1530894782211965,1.5394107199255986,-3.2453230267577093,-0.14013859488379002,21.719467751100453,-0.14266997506479723,1.4823112681758073,-0.5584692498740824,0.687284605992,-0.27559915348931563,-0.3944654701673084,0.09616048686387203,0.0,0.0,0.012450886154327883,0.0945042971163026,5.426578849366847,-0.25686731989448464,1.5751515195373014,-0.14267404920020366,-0.020606565068061748,1.0930940279029104,0.0,0.0,0.5234518044140073,-0.018092337929290034,0.0,0.0,-3.129098101879128e-05,-0.10332893572439686,0.4055281664556419,0.22926791410792527,0.0,0.0,-5.131417990577752,8.522081815619016,0.4187575713334613,-2.128666659989189,0.0,0.0,6.73998701546962,-0.5434897060980677,1.3389737279886267,0.5401156849670122,-1.7284081025158853,0.7646255009617564,-2.6794599661077596,0.6723629745977129,0.0,0.0
1.0,310.0,-4.816547236255446,-0.4646799046589792,1.1648331666952236,1.536918482880131,-2.2395274781346575,-0.11374062139427753,17.454720446939493,-0.12651310784335087,1.266143009325594,-0.611647904097301,-0.9200239234438486,-0.19693382422548494,-0.3545947924039716,0.09932365226718967,0.0,0.0,-0.017675720170385642,0.13446389908749007,2.8575297816977105,-0.20154149738555716,1.3859047956813304,-0.5860063188422232,-0.016561254875754893,0.7050148402539225,0.0,0.0,0.30061692410778396,-0.006630050987169562,0.0,0.0,-3.347355373464093e-05,-0.06019671028023425,0.3650961799942872,0.11830154168348052,0.0,0.0,-3.729996158283584,8.571660795065947,-1.095719783606487,-2.0572854484988214,0.0,0.0,5.473016948680119,-0.2206439690015968,2.4617123913411794,-0.9655622681667071,-2.6584383499610778,-0.8310695692701895,-2.0573521607206917,0.8505818860595488,0.0,0.0
1.0,320.0,-3.3136826524837852,-1.8500409368921846,1.1629502444621453,1.5401208638132344,-1.3437623372467034,-0.08109119057743466,13.487101948586055,-0.08534287244608259,1.0843761270383383,-0.6591439410696167,-2.251313602551319,-0.11102212820401527,-0.3239175538315884,0.09618536247542708,0.0,0.0,-0.04306317289024261,0.16221316174442732,0.5194354037669245,-0.1423817424700411,1.226362255981925,-1.0199846523125804,-0.01324705335269175,0.32264309988863543,0.0,0.0,0.11637818294832822,0.006479361132761349,0.0,0.0,-2.575465548118042e-05,-0.01713541834273825,0.3339483991342335,0.007115348240546725,0.0,0.0,-2.619958462107688,8.64718218991259,-2.3548168014238313,-1.9763702871590922,0.0,0.0,4.15624032464326,0.07639333372891915,3.485986879428658,-2.346987862209399,-3.7082623800795793,-2.2272595051777295,-1.5450839340635123,1.018745802320216,0.0,0.0
1.0,330.0,-2.7132847214814753,-2.9559584568686414,1.1484333482292874,1.542442644445917,-0.5634375611859241,-0.04794254190453204,9.679141262201446,-0.03369391024636501,0.9396640311552112,-0.6972978779429871,-3.2527412391354233,-0.028934656629940027,-0.30264330977351367,0.08844942740164041,0.0,0.0,-0.06261124775981572,0.17741886954198208,-1.4562919387976294,-0.08758565648781859,1.0975516961110103,-1.401185824421664,-0.01080887356113128,-0.015736429092263988,0.0,0.0,-0.025599054236778503,0.019096398111651,0.0,0.0,-1.1487210683989992e-05,0.02160650247250332,0.31235746565404104,-0.0925697577181795,0.0,0.0,-1.7428016705879077,8.745306936274293,-3.306108655941158,-1.8971338059788865,0.0,0.0,2.9752955729684456,0.3282223156522147,4.407565004760304,-3.5127890375840716,-4.724867973750669,-3.3483615201553913,-1.1461471497954525,1.1623519516224645,0.0,0.0
1.0,340.0,-3.0635419309971352,-3.7599088674408003,1.1228136347900908,1.5397931395359923,0.10259982723836907,-0.01795496777286878,5.955350852606383,0.018607413743095224,0.8315945030638946,-0.7244194229509496,-3.9137695084720163,0.0425692233701935,-0.29033476916646445,0.07752552418154555,0.0,0.0,-0.0760355200867812,0.18076793259173154,-3.0051853990559634,-0.04200825379223073,0.9985584436179924,-1.705659203816465,-0.009273113528984253,-0.28884189085613554,0.0,0.0,-0.12549970180365275,0.02991053876274279,0.0,0.0,6.585246092980322e-06,0.05361823662605994,0.29991119836850333,-0.1740973008304943,0.0,0.0,-1.0576647323990058,8.86188387513123,-3.9386499522127885,-1.826587246607488,0.0,0.0,2.0320362084952035,0.5253992855889765,5.215035155374642,-4.418529696770797,-5.616695416701652,-4.164675513570923,-0.8566262634648593,1.2738249092371716,0.0,0.0
1.0,350.0,-4.327938751222259,-4.2673748621712235,1.0878754870454277,1.529998179557117,0.6597070355232292,0.006820032330962796,2.2836235063912964,0.06550239926032618,0.7578062466956655,-0.7402141486367168,-4.2519644702589625,0.09997892743782946,-0.286163686939871,0.06457047230617635,0.0,0.0,-0.08358685516056727,0.17362713003968275,-4.109878894722303,-0.007995729744409071,0.927257934701613,-1.923730663734522,-0.008589543601890253,-0.4878565020263242,0.0,0.0,-0.18597087972395884,0.038249061766313805,0.0,0.0,2.6300264835688734e-05,0.07783826893023192,0.29578111630547194,-0.23454459023977925,0.0,0.0,-0.5365464364038353,8.99257092220853,-4.268443528564057,-1.7685596067013292,0.0,0.0,1.3706381749113798,0.6654837031695061,5.894535473776588,-5.052840418830447,-6.336530174803009,-4.677691481122363,-0.6680333414352485,1.350600705237034,0.0,0.0
1.0,360.0,-6.418070523261005,-4.5013441649701855,1.0454627454238767,1.5122674276749355,1.115739952865346,0.02549341732495587,-1.3396298470191248,0.10374633626507118,0.7148138353274375,-0.7453083652814797,-4.301607803042914,0.14208944600855405,-0.28909628016209066,0.050521582552071564,0.0,0.0,-0.08583994744046074,0.1577447263808223,-4.78441370864415,0.013869244600872044,0.8808503153790211,-2.0555328419939864,-0.008662649278612078,-0.6125360226695871,0.0,0.0,-0.21109199734716647,0.04389596267393343,0.0,0.0,4.601168585227309e-05,0.09413757430233073,0.2989174457903371,-0.2735741742988234,0.0,0.0,-0.16038396269881933,9.133198860151357,-4.327548678766877,-1.7246023432870676,0.0,0.0,0.997170946655727,0.7506704288196968,6.432749455025961,-5.426269530787496,-6.867785481554123,-4.908716784881811,-0.569372419764398,1.3935083412200766,0.0,0.0
1.0,370.0,-9.21739280793221,-4.494669257267587,0.9973544065501222,1.486750326983965,1.4798532131149273,0.03796942943086587,-4.900659740762285,0.13208118056255175,0.6985917560812264,-0.7408833944327369,-4.105553968798659,0.1692384214081043,-0.2980216855544179,0.036126030917255705,0.0,0.0,-0.08354115844299213,0.13501961935665205,-5.0624088930210105,0.024164444085993084,0.8562352760261626,-2.107471002890216,-0.009374002275764673,-0.6681345217531665,0.0,0.0,-0.20564316829194834,0.046940930495263516,0.0,0.0,6.451227095281923e-05,0.10299081878330574,0.30818452748375336,-0.2925225193054338,0.0,0.0,0.08394460557815782,9.279968718168114,-4.15628924927083,-1.6947229157128707,0.0,0.0,0.8938280350650791,0.7859967879964136,6.818625014906295,-5.562824923445665,-7.214029861045916,-4.890494615306939,-0.5485815525500979,1.4055052166617419,0.0,0.0
1.0,380.0,-12.597739897790737,-4.284716772912119,0.9451906908091644,1.4541902535184763,1.76167933471735,0.04465939581710686,-8.376410963034578,0.15057371416471663,0.7049713800171881,-0.7284084819114096,-3.7096489454792967,0.18272376478196264,-0.3118369313329475,0.021967623528547815,0.0,0.0,-0.07750347183626331,0.10733753716420377,-4.988468549596206,0.02416924861866439,0.8502645562016713,-2.0895798491563142,-0.010597552971867274,-0.6631056715018312,0.0,0.0,-0.17460645487845855,0.04766222163814081,0.0,0.0,8.095646791464838e-05,0.10523024557654598,0.3224506238835125,-0.29371566458332576,0.0,0.0,0.2058020348941079,9.42954354248759,-3.7979105490533698,-1.6779470711739621,0.0,0.0,1.0290043454753435,0.7780421624075784,7.044207530380167,-5.493829725133086,-7.39127525180611,-4.661271604079473,-0.5934987724147774,1.3907403631979125,0.0,0.0
1.0,390.0,-16.43034341440434,-3.9097642751547217,0.890434301086542,1.4156678444107027,1.9707854468761392,0.0462698998100532,-11.740057265601402,0.16011340471080102,0.7298984854373437,-0.7094544670663154,-3.159077960054097,0.18437800232743753,-0.32949999293884524,0.008491277510751882,0.0,0.0,-0.06853712135959807,0.0764639049864784,-4.612146724924199,0.015531439526134236,0.8599041193809531,-2.0136328542646504,-0.01220959780770285,-0.6074577169810133,0.0,0.0,-0.12284125876273122,0.04644040810988781,0.0,0.0,9.478954854256475e-05,0.10186903019024804,0.34064420180317717,-0.27997723963063315,0.0,0.0,0.212316685650721,9.579074876068793,-3.295081161899202,-1.6727322481863014,0.0,0.0,1.3642472926775082,0.7340206174602556,7.104889906864349,-5.253628739367511,-7.422470062247042,-4.26076248871599,-0.6924771634388427,1.3538904823095983,0.0,0.0
1.0,400.0,-20.592808437282557,-3.406686110620356,0.8343554058118716,1.3724181548816512,2.1163293536683274,0.043652050325891575,-14.964644004888562,0.16204686325783635,0.7695900488747757,-0.6855698983736708,-2.4961161591962995,0.17626899994505515,-0.35006015793043893,-0.00397479727254231,0.0,0.0,-0.057406294746932006,0.04398066065889591,-3.98385732419999,3.525972392020602e-05,0.8823315214739115,-1.8918466379666956,-0.014094879658634447,-0.5116248413542451,0.0,0.0,-0.05488583362360982,0.04369763809180775,0.0,0.0,0.00010568570075926888,0.09397947273684093,0.36178634252209013,-0.2542890597557357,0.0,0.0,0.10940654067106668,9.726190433504712,-2.687736931357599,-1.6772606197586855,0.0,0.0,1.8589106253522218,0.6611733481344181,6.99930149039256,-4.876709182454329,-7.333684254377805,-3.7275294365821443,-0.834748912274748,1.299709580833106,0.0,0.0
1.0,410.0,-24.97320166444198,-2.809564233148114,0.7780319798834099,1.3257056802813307,2.206856161309736,0.03769838489143911,-18.025347017962677,0.15792168760220412,0.8206202620328353,-0.6582035364203388,-1.7588696943571802,0.1604979584326714,-0.37267273346957824,-0.015199277265377096,0.0,0.0,-0.0448043442235341,0.011255187566370202,-3.1522215576438213,-0.020552799225688142,0.9149879941707285,-1.7360357684660581,-0.016149963764261973,-0.38572930449557064,0.0,0.0,0.025152400553720762,0.03985679888278154,0.0,0.0,0.00011349565108040004,0.08261271707462949,0.3850066521405913,-0.2195675905155617,0.0,0.0,-0.09756364751851926,9.868960164701509,-2.011872671869974,-1.6896391727480617,0.0,0.0,2.473153342096659,0.5663823940539036,6.7289913155600845,-4.395866745330641,-7.151555956837944,-3.0973852173516576,-1.0106146444581738,1.2327390565656609,0.0,0.0
1.0,420.0,-29.472131539451215,-2.1489457271817978,0.7223595650604308,1.2767430327742453,2.2501921471271307,0.02927556578773152,-20.90074950478792,0.14931420019433184,0.8799582082723917,-0.6286602020148286,-0.9806957408035427,0.13906977270693094,-0.3966032946502711,-0.025030269863708078,0.0,0.0,-0.03134176109422179,-0.020568446313047117,-2.1624525432417,-0.04458065454433412,0.9555997470669868,-1.5570972767300615,-0.018284751098708255,-0.23912967084205994,0.0,0.0,0.11364577057890703,0.035315591261137244,0.0,0.0,0.00011820335742937908,0.06874893043520588,0.4095481287319317,-0.17852553711516791,0.0,0.0,-0.40338545122578817,10.005851691491268,-1.2989836737294926,-1.7080303162977262,0.0,0.0,3.169768194364251,0.4559431783777111,6.298010614018749,-3.841123010711405,-6.901656916709318,-2.4025176234811343,-1.2115146477031595,1.1571344365345593,0.0,0.0
1.0,430.0,-34.003472824030766,-1.4515401110528356,0.6680663385174436,1.2266415615159596,2.2534044141854457,0.019183185987338397,-23.57344251715173,0.13771947165431833,0.9449735890535692,-0.5980798604824215,-0.19007265999567785,0.11381571886803216,-0.4212252233281993,-0.03338015158778825,0.0,0.0,-0.01754267822019292,-0.05056356352155967,-1.0554711527525278,-0.07056594768147359,1.0021790271269293,-1.3647294644976304,-0.020422761454023587,-0.0801724479001624,0.0,0.0,0.20745501404563266,0.030431415121962787,0.0,0.0,0.00011989083273853361,0.05326920840072843,0.4347649271853572,-0.13359418873452605,0.0,0.0,-0.8027888679682391,10.135681977308256,-0.5759381161152731,-1.7307319679433253,0.0,0.0,3.9151980467964878,0.33544804558575064,5.712462621266458,-3.239168708135343,-6.607513095913114,-1.671107974728587,-1.4300230143153145,1.0765744464867786,0.0,0.0
1.0,440.0,-38.494208948450556,-0.7402058443419333,0.6157307155963441,1.176384703213341,2.2228037885506744,0.008131109544368824,-26.030175054162555,0.12448631379779751,1.0134222305076337,-0.5674323576697267,0.5892439954759949,0.08635297131640282,-0.4460131848633586,-0.040212563129259735,0.0,0.0,-0.00384684518266109,-0.0780059241800719,0.13247524172790176,-0.09722252928089888,1.0530124470197766,-1.1673122586896516,-0.022500639562599598,0.08391587716980078,0.0,0.0,0.30391240803694136,0.025513856294055295,0.0,0.0,0.00011870999275653821,0.03694254448184906,0.4601158075092405,-0.08688788715530738,0.0,0.0,-1.2903435007394146,10.257569371950208,0.1348768207475058,-1.7562218193026993,0.0,0.0,4.680000887265871,0.2097451425832657,4.980061683849997,-2.6131644367806763,-6.290082337652419,-0.9272771569911007,-1.6597938611622525,0.9942264171389575,0.0,0.0
1.0,450.0,-42.88372887156226,-0.03411852587657825,0.5657996708408009,1.126817043236621,2.1639750072720334,-0.0032703997942260493,-28.261717075762082,0.11078386771475314,1.083419603314809,-0.5375222607888758,1.337895196243174,0.058069295103555546,-0.47053437256664526,-0.04553138132746556,0.0,0.0,0.009385082676689912,-0.10235379510972195,1.3698583899858505,-0.12346748879487315,1.1066418379099596,-0.9718951257851167,-0.024467202466518383,0.24704316470081314,0.0,0.0,0.4007897052954254,0.020822343743368995,0.0,0.0,0.00011486042253545394,0.020422914713475977,0.48515519446238975,-0.040196753866529635,0.0,0.0,-1.8604357458798837,10.370888399977007,0.815245727329423,-1.7831768779713846,0.0,0.0,5.438950721878922,0.08294662837006014,4.109725807305644,-1.982775853029539,-5.967543095593346,-0.1912395233049713,-1.895479949567066,0.9127488442673445,0.0,0.0
1.0,460.0,-47.122813385882644,0.6509545672971807,0.5186066350724371,1.0786438684390107,2.081823060725856,-0.014512017541537118,-30.262550955181883,0.0975897323614866,1.1534080173011805,-0.5089998378651552,2.040501423978291,0.030124343338146196,-0.4944387548500343,-0.049371465333695144,0.0,0.0,0.021864435376413915,-0.12322584199846982,2.629699653693118,-0.14841558905940833,1.161841231135576,-0.7842533754760006,-0.026282246628731732,0.40420625144321826,0.0,0.0,0.49625799967146533,0.016567183761399224,0.0,0.0,0.00010857204090843543,0.004252877397397145,0.5095231516350247,0.00500241738443774,0.0,0.0,-2.5072917533325083,10.475228520071445,1.4507287510598108,-1.8104764807371632,0.0,0.0,6.1709070023284776,-0.04153240504931815,3.1112148713737464,-1.3643551857301466,-5.6552883282203785,0.5204196958117232,-2.132637572817503,0.8343172567328159,0.0,0.0
1.0,470.0,-51.17247127975498,1.3023253465492728,0.4743882915178578,1.0324374124808704,1.980628036057154,-0.025181252630032326,-32.030471305402514,0.08569223987545599,1.2221212914494373,-0.48237540243308275,2.6852083605262256,0.0034613820402876316,-0.5174491344434924,-0.051790967737304204,0.0,0.0,0.03336660950315461,-0.1403787097176263,3.8892707520535432,-0.1713660196455737,1.2175923826588297,-0.6089850254587664,-0.027915261027235,0.5514100053701427,0.0,0.0,0.5888443086355852,0.01291267773865817,0.0,0.0,0.00010009176263906537,-0.011128878571256893,0.5329351255969622,0.04752430024950354,0.0,0.0,-3.2250254421004807,10.57035736255413,2.0302295274622466,-1.8371947163308908,0.0,0.0,6.858545243886119,-0.16091736959026554,1.994819042524419,-0.7712071275461074,-5.366048922026336,1.1944017298045617,-2.367626936108444,0.7606636081491222,0.0,0.0
1.0,480.0,-55.0027320287636,1.910035864524908,0.4332999091113953,0.9886470827200585,1.8641033048487208,-0.034955093114432144,-33.566147107852274,0.0757015480684378,1.2885493731677176,-0.45803513166283394,3.2632300463660173,-0.021174923836065545,-0.5393515290888934,-0.05286500652770034,0.0,0.0,0.04372300237337351,-0.15368547436989238,5.129724197652599,-0.19178491353277413,1.273060407312101,-0.44962888748251356,-0.029344140950591673,0.6855675868653232,0.0,0.0,0.6773879941507102,0.009981411241561012,0.0,0.0,8.967338707023396e-05,-0.025377829384500113,0.5551720000652893,0.08644723325204053,0.0,0.0,-4.007697762007947,10.65618851077953,2.5455605301426147,-1.8625864819848665,0.0,0.0,7.488012514629581,-0.27300895672084563,0.7710971424899062,-0.2138964687322683,-5.110093478711462,1.8203256357982214,-2.5975139609845455,0.693122432524781,0.0,0.0
1.0,490.0,-58.591463478287444,2.466511862910819,0.39542905963164593,0.947611774747628,1.7354536711892554,-0.04359093331021333,-34.87268137381748,0.06806578491501052,1.351904447889664,-0.43625710616100166,3.768411150777527,-0.04321768366673517,-0.5599861750556815,-0.05268050631074289,0.0,0.0,0.052813216893567855,-0.1631156666571599,6.33569392249002,-0.20928598411395713,1.3275704956008372,-0.3087907720522539,-0.030553961041012732,0.8043933000028173,0.0,0.0,0.760998970362242,0.007859086354558783,0.0,0.0,7.757006597154297e-05,-0.03823297893025459,0.5760707808549834,0.12108290051203015,0.0,0.0,-4.849378314202125,10.732753633489258,2.991026553067548,-1.8860701201119756,0.0,0.0,8.048550685493918,-0.37611526537471557,-0.5493380529418606,0.29943112280897305,-4.8954677719162225,2.3903593791108864,-2.819977144219826,0.6326792170083586,0.0,0.0
1.0,500.0,-61.9232562003665,2.966232861479055,0.3608076992067747,0.9095729836720576,1.5974313433222265,-0.05091682218457163,-35.95519033638438,0.06308964371501752,1.4115894343262887,-0.4172267768994728,4.196820911488612,-0.06225594988943199,-0.5792393130557316,-0.051332033958249715,0.0,0.0,0.06055778441771744,-0.16871723093756696,7.494892945730374,-0.22361084792569463,1.3805862749687279,-0.18826921927996854,-0.0315358411553237,0.906295514067312,0.0,0.0,0.8390188337832796,0.00659947743737157,0.0,0.0,6.402881521770162e-05,-0.049506098328655275,0.5955160828539638,0.15094576078311447,0.0,0.0,-5.744203885880173,10.80017863504658,3.363038345321993,-1.9072086429927158,0.0,0.0,8.532115559911135,-0.4689851720330394,-1.9559920753094335,0.7627337131403358,-4.7282491106108715,2.898866698555025,-3.033221516761652,0.5800180381908125,0.0,0.0
1.0,510.0,-64.98839774189058,3.4054268026976438,0.32942267701494654,0.8746878596290087,1.4523884591850944,-0.05682171779975356,-36.820414960667065,0.06095367990691194,1.467169321602802,-0.40105138593722944,4.546385130805874,-0.07801320895818598,-0.5970358216447428,-0.04891847250809616,0.0,0.0,0.06691153647416502,-0.17060055858846854,8.597725215007873,-0.23461003125846905,1.4316900983475316,-0.08917537422031864,-0.032285921700863474,0.9902743549938438,0.0,0.0,0.9109854984303638,0.006229240427676525,0.0,0.0,4.928663246208773e-05,-0.059071357456375075,0.613432490460351,0.17572366101668124,0.0,0.0,-6.686430817472115,10.85866342584023,3.6597625139101693,-1.9256908737512246,0.0,0.0,8.933009618750425,-0.5507453345839695,-3.4386236865678232,1.1717745387189173,-4.612799392179602,3.342079140100073,-3.2359006785517486,0.53556663784098,0.0,0.0
1.0,520.0,-67.78194749412314,3.7817932304041797,0.30122478118880536,0.8430416689900685,1.3023254907191024,-0.06124617919418662,-37.47637127195266,0.06173317546160313,1.5183455126611458,-0.3877730891203678,4.816558521399072,-0.09032701740259558,-0.6133327020386565,-0.04554039605970511,0.0,0.0,0.07185767844095045,-0.16892458751150985,9.636921921989495,-0.2422252588579332,1.480565357469131,-0.012043873539462513,-0.03280445392816475,1.0558269178081432,0.0,0.0,0.9766015502436258,0.006752412088241851,0.0,0.0,3.356786592617451e-05,-0.0668556560741675,0.629777798196092,0.19525048792435384,0.0,0.0,-7.670479705735362,10.908464897458153,3.880809893218932,-1.9413133464510215,0.0,0.0,9.24753890650307,-0.620842181217364,-4.9873476434178885,1.523846760829237,-4.552006676231153,3.717798070193874,-3.4270471801671016,0.49953790110490875,0.0,0.0
1.0,530.0,-70.30291468249916,4.094256298600446,0.2761364556520676,0.8146593441385783,1.1489352521340304,-0.06417374903269966,-37.93204181027345,0.06541587381521553,1.5649331502326551,-0.377380678318465,5.008037064547989,-0.09913025372284197,-0.6281133803323867,-0.04129802661114229,0.0,0.0,0.07540256777685926,-0.16388486877230196,10.60720786560361,-0.24647334599917364,1.5269807990780413,0.04306684467295458,-0.03309500352293839,1.1028614108258288,0.0,0.0,1.0357062975813476,0.008154509535311539,0.0,0.0,1.7082548799474564e-05,-0.07282981880564265,0.6445370979440093,0.20948130860581254,0.0,0.0,-8.690971979657846,10.949882697648558,4.026962063335189,-1.9539634664715784,0.0,0.0,9.47369965314573,-0.6789895269114045,-6.592710244068921,1.8175246607546542,-4.547509332463271,4.025128424048021,-3.6060110734440705,0.4719672380234403,0.0,0.0
1.0,540.0,-72.55353674087148,4.342747179804972,0.25405833002001366,0.7895159579754559,0.993642500147041,-0.06562315752500189,-38.197107815866886,0.07191819370404708,1.6068412859014363,-0.3698198985474507,5.122508431737932,-0.10443421539387279,-0.6413827711185406,-0.03628967066534068,0.0,0.0,0.07757116803554934,-0.1557034494017326,11.505000227752902,-0.24743182763843075,1.5707767487988487,0.07648535944722261,-0.033163761502945636,1.131620741624196,0.0,0.0,1.0882513480705593,0.010406190723465622,0.0,0.0,2.5471043530179674e-08,-0.07700072124935538,0.6577176558072391,0.2184701795228149,0.0,0.0,-9.742758533456508,10.9832474263064,4.099934157541004,-1.9636041959529353,0.0,0.0,9.610896918200444,-0.725121989052185,-8.245742187866462,2.052442154001452,-4.599899715304965,4.264243963108818,-3.772406182020439,0.4527457275504903,0.0,0.0
1.0,550.0,-74.53865218323621,4.528014383020704,0.23487470342491681,0.7675460630946555,0.8376392805833508,-0.06564139529263531,-38.281720087010314,0.081099739435167,1.6440556866684453,-0.36500241670809,5.1624376071018725,-0.10631362867632406,-0.6531630352906639,-0.030610548693420985,0.0,0.0,0.07840313166929307,-0.14462039486995285,12.328140004163291,-0.2452263349037055,1.6118531055999372,0.08884909153395067,-0.033018954005258776,1.1426154680525646,0.0,0.0,1.1342794581872089,0.01346646988718859,0.0,0.0,-1.7424192726058773e-05,-0.0794043507700877,0.6693445095175845,0.22235062484630422,0.0,0.0,-10.820940982423105,11.008910907836603,4.102171225810901,-1.97026036903621,0.0,0.0,9.659695383335654,-0.7593540712115894,-9.937992788441969,2.229098056640839,-4.708906267058796,4.436182588024819,-3.926063492835769,0.44164911388955513,0.0,0.0
1.0,560.0,-76.2651603624401,4.6514598913994325,0.2184581160408016,0.7486519037389607,0.6819162750915865,-0.06429764871458042,-38.19630550684991,0.09277606472363709,1.676624040866881,-0.3628135347041431,5.130884405382631,-0.10489353435988959,-0.663489960724757,-0.024351944078414633,0.0,0.0,0.07794945532649719,-0.13088676675167832,13.075654980374471,-0.24001965121224814,1.6501589493084792,0.081036593822902,-0.03267034141605539,1.136565672325912,0.0,0.0,1.1739063603486108,0.017285503153330516,0.0,0.0,-3.510284253331986e-05,-0.0800997652979676,0.6794567127764922,0.22131867312151288,0.0,0.0,-11.920886308999018,11.027238232269978,4.036674997817999,-1.9740066363036708,0.0,0.0,9.621601063483551,-0.7819445996064437,-11.661549071087482,2.348686652005864,-4.873554223668382,4.542669546115784,-4.066991001146187,0.4383628859267761,0.0,0.0
1.0,570.0,-77.74155974168839,4.714998740567675,0.20467313178066499,0.7327105515198283,0.527290455156499,-0.06167805742565298,-37.951405777321646,0.10672973710876503,1.7046433148748064,-0.36311875839632846,5.031349446806864,-0.10033794817400403,-0.6724098950083223,-0.017600609994192374,0.0,0.0,0.07626964795809665,-0.11475887431115499,13.747552329047066,-0.23200233412320645,1.685683597233681,0.054109527204261,-0.03212879700415219,1.1143511051068493,0.0,0.0,1.2073052586791235,0.02180697225045643,0.0,0.0,-5.286211203266308e-05,-0.07916388967195183,0.688104153206903,0.2156182752922523,0.0,0.0,-13.038235749280252,11.03860129440518,3.9068577617181863,-1.9749569713153305,0.0,0.0,9.498871906644139,-0.7932660937313598,-13.409042790413656,2.412951608599231,-5.092305892914305,4.5859660188713915,-4.195339326415971,0.44250374946560195,0.0,0.0
1.0,580.0,-78.97755617007934,4.720939575004319,0.1933794438446744,0.719580041027072,0.3744293730712522,-0.05788123395264817,-37.55754476131242,0.12271980477063807,1.7282490158372432,-0.3657693409272376,4.867645213893381,-0.09284015812706715,-0.6799771626591685,-0.010438382898499283,0.0,0.0,0.07342935246233409,-0.09649362873523112,14.344638462909336,-0.2213847647198103,1.718448948575263,0.009263422753541755,-0.03140595546080834,1.0769688406673845,0.0,0.0,1.234693688899639,0.026970101081295408,0.0,0.0,-7.056831503700106e-05,-0.07668707655921944,0.6953448738615021,0.20552889291758325,0.0,0.0,-14.168908776926823,11.043373595258767,3.716420136045302,-1.973255632805625,0.0,0.0,9.294354832570116,-0.7937786048607091,-15.17364794496717,2.424061065810106,-5.3631819387510635,4.568740456746331,-4.311372434923335,0.45363783877610075,0.0,0.0
1.0,590.0,-79.98373291625393,4.6718837678298835,0.18443440262033195,0.7091045943731084,0.2238724216522886,-0.05301447550675573,-37.02512090284915,0.14048979800750422,1.7476061280142035,-0.37060691848156063,4.643788997868601,-0.08261450361363219,-0.6862519041384748,-0.0029419600727674587,0.0,0.0,0.06949836434988747,-0.0763448425055466,14.86836358797043,-0.20839047672586486,1.748502963417028,-0.0522137066231449,-0.03051392230794946,1.025497648803313,0.0,0.0,1.2563224530176036,0.03271134279238001,0.0,0.0,-8.810174769112699e-05,-0.07276935407443208,0.7012428331981414,0.19135503250311403,0.0,0.0,-15.309103001774028,11.041926102291695,3.4692496868873954,-1.9690694554931087,0.0,0.0,9.01134659482354,-0.7840075448691608,-16.94907095119729,2.3845016442856206,-5.683865342086326,4.4939600618671784,-4.415442843522494,0.4712960228794913,0.0,0.0
1.0,600.0,-80.77127471418255,4.5706408174397035,0.17769505356572327,0.7011190283866698,0.07604938367193224,-0.04719059451137089,-36.364321388639105,0.1597744114599046,1.7629015076284098,-0.377467351375272,4.363914790913048,-0.06988947640540648,-0.6912982796027664,0.0048171939204871795,0.0,0.0,0.06454899499717895,-0.05456033188972041,15.3206883786766,-0.19325061760760137,1.7759141343250548,-0.128975827342065,-0.02946503586942183,0.9610682993633188,0.0,0.0,1.2724663608829063,0.03896577522837774,0.0,0.0,-0.00010535589868724278,-0.06751728228684004,0.7058660442392264,0.17341750285813406,0.0,0.0,-16.455290734487157,11.034623993838245,3.1693375803080195,-1.9625813344842846,0.0,0.0,8.653475850708963,-0.7645250399463929,-18.729535273368477,2.296989189972461,-6.051789792305348,4.364799945916176,-4.507970728525616,0.4949866530453788,0.0,0.0
1.0,610.0,-81.35173870264185,4.420157907296342,0.17301976155010101,0.6954524374342569,-0.06870342659061321,-0.04052529525570465,-35.58505497736001,0.18030501594771686,1.7743375406517496,-0.3861838754697971,4.032201459337479,-0.05490198710635561,-0.6951829862246615,0.012772840711819295,0.0,0.0,0.05865473179767287,-0.03137969641365685,15.703970280128232,-0.17619940000741585,1.8007668212669439,-0.2196472944897656,-0.028271674308148736,0.8848390536552901,0.0,0.0,1.2834165350135327,0.04566824125792569,0.0,0.0,-0.00012223660745981592,-0.06104134398947657,0.7092850397148756,0.15204618207229872,0.0,0.0,-17.60421288986009,11.021824138813367,2.8207107267004576,-1.9539847685778606,0.0,0.0,8.224603927397638,-0.7359343700854923,-20.50976198817576,2.1643941812160508,-6.464214248310392,4.184567670258294,-4.5894264179521285,0.524206078206994,0.0,0.0
1.0,620.0,-81.73686582173461,4.223461709089995,0.17026948789663746,0.6919312407148864,-0.21012915007798091,-0.0331350275222969,-34.69690071842177,0.20181414448074403,1.7821268881703034,-0.39658965962632214,3.6528148187390506,-0.03789264913818842,-0.697974043703683,0.02086388510624793,0.0,0.0,0.051889152472541604,-0.007032664612511664,16.02086709010923,-0.157470411504358,1.8231573336767264,-0.32284601954590236,-0.02694610105307125,0.7979756515549095,0.0,0.0,1.2894740602707089,0.05275426807373679,0.0,0.0,-0.00013866120045492406,-0.053453800126539636,0.7115716159903904,0.12757409546310539,0.0,0.0,-18.752870818631305,11.003873185231743,2.4273771471884347,-1.9434793333297862,0.0,0.0,7.728741937340639,-0.6988570893787907,-22.284947490114853,1.9896798867455519,-6.9182853300859435,3.956641081140061,-4.660315800430629,0.5584472292349244,0.0,0.0
1.0,630.0,-81.93842691800671,3.983610708697883,0.1693087771594378,0.6903816767503153,-0.34803824299382713,-0.025135253024558553,-33.709070084980254,0.2240390883945139,1.7864881637409606,-0.4085198551470238,3.229861510555114,-0.019101943636715593,-0.6997398080809991,0.029034234740482768,0.0,0.0,0.044325055678097566,0.0182620901529769,16.27425565639034,-0.13729366218719027,1.8431906563304048,-0.4372021325464638,-0.02550034273406135,0.7016351656589357,0.0,0.0,1.2909447846317075,0.06016079666360675,0.0,0.0,-0.00015455762782732134,-0.04486694625109607,0.712797814278775,0.10033262320266233,0.0,0.0,-19.89851657651606,10.981106150559743,1.9932825583011724,-1.9312669633803579,0.0,0.0,7.1699820926253075,-0.6539224598812081,-24.05073931208997,1.775851538469222,-7.411089087748398,3.6844175665001546,-4.721168237314095,0.5972065445241097,0.0,0.0
1.0,640.0,-81.96809847423303,3.703656528931971,0.17000650248018806,0.6906318206456227,-0.4822979800733138,-0.016639066244976842,-32.630380341217766,0.2467247285779907,1.7876424058558402,-0.4218132134734264,2.7673528414689486,0.00123285871101431,-0.7005481790514977,0.037232617917172056,0.0,0.0,0.03603377467437544,0.044297746752621894,16.467163722812515,-0.11589326171189414,1.8609777278580335,-0.5613727980282338,-0.02394609448736266,0.5969531588312227,0.0,0.0,1.2881351006560613,0.06782674953160762,0.0,0.0,-0.00016986361685602492,-0.03539171272379266,0.713035102916491,0.07064767463106522,0.0,0.0,-21.038642062826703,10.95384542371518,1.5222764215991378,-1.9175489337993403,0.0,0.0,6.55244127672775,-0.6017588702758054,-25.803210840814884,1.5259149632499027,-7.939693562453055,3.3712730710313155,-4.772526614593309,0.6399894803012419,0.0,0.0
1.0,650.0,-81.8373635029742,3.3866129069114463,0.17223641116960617,0.6925131921757132,-0.6128233951486273,-0.007756117273926056,-31.469237241962556,0.26962571471015756,1.7858102259088617,-0.43631333918574355,2.2691769880981516,0.022880129867564217,-0.7004659705797909,0.04541237207742709,0.0,0.0,0.02708464509998473,0.0708798172043953,16.6027131579675,-0.09348562964816591,1.876633191970844,-0.6940537688098374,-0.022294648176282756,0.48503364545343275,0.0,0.0,1.2813485588164013,0.07569346162411533,0.0,0.0,-0.0001845258536461295,-0.025136557678118752,0.7123537292774293,0.038836684424901055,0.0,0.0,-22.17096739135718,10.922400102921468,1.0180859351961504,-1.9025234410800989,0.0,0.0,5.880215140434502,-0.5429869479984429,-27.53883554373773,1.2428432935814937,-8.50118341433159,3.020529405546381,-4.814939217174009,0.6863148208260907,0.0,0.0
1.0,660.0,-81.55743371510745,3.0354311536858414,0.17587750587775725,0.6958620152889525,-0.7395694758616803,0.0014082098193892631,-30.233625418489794,0.292508093177925,1.7812095277490323,-0.45186963677673564,1.7390781872615093,0.04561576896862934,-0.6995584187599595,0.05353121286231748,0.0,0.0,0.017544601786857107,0.09782637183296482,16.68407299451244,-0.07027815453094315,1.8902735517199574,-0.8339881903014478,-0.020556839686856804,0.36694141744111397,0.0,0.0,1.2708831834603558,0.08370499641185421,0.0,0.0,-0.00019849920102652608,-0.014206607827113575,0.7108222142003132,0.005206303140480566,0.0,0.0,-23.293428793919986,10.887065605900556,0.4842966522625996,-1.886383695257582,0.0,0.0,5.157341188591047,-0.478214108759992,-29.254461189151677,0.9295505430940074,-9.09268775460079,2.6354285714364694,-4.848953149691769,0.735717977070539,0.0,0.0
1.0,670.0,-81.13918959185276,2.652981077937751,0.18081429127389295,0.7005201824782736,-0.8625244504759852,0.010753403905080519,-28.931105035567548,0.31515047246600003,1.774053708970572,-0.46833800186164737,1.1806417265632265,0.06922462544844447,-0.6978888045234993,0.06155099164804748,0.0,0.0,0.007477883032399199,0.12496805972872344,16.71442089022134,-0.04646822785008396,1.90201566630095,-0.979973101997111,-0.01874301200575437,0.2436963523820331,0.0,0.0,1.2570293797358782,0.09180836627283111,0.0,0.0,-0.00021174595773984032,-0.0027030078286377096,0.7085069656192038,-0.029949329198448716,0.0,0.0,-24.404166302174737,10.848123499324279,-0.07566140268615014,-1.8693164450269801,0.0,0.0,4.38776951111804,-0.4080303199465706,-30.947284429844455,0.5888709861598656,-9.711402186988021,2.219112989157133,-4.875109065247572,0.7877534379683776,0.0,0.0
1.0,680.0,-80.59313545113234,2.242036493876526,0.1869369114644888,0.7063359708103131,-0.9817040240016578,0.020184254577251554,-27.568813511081558,0.33734480362821834,1.764550266573669,-0.48558130046563075,0.5972837218318403,0.09350153594915618,-0.6955181720224892,0.06943744774541773,0.0,0.0,-0.0030541761652113503,0.1521479674506006,16.69691179099868,-0.02224258909397034,1.9119755381013142,-1.1308640227595903,-0.016862991270452307,0.11626937239740663,0.0,0.0,1.240068335400851,0.0999536737518151,0.0,0.0,-0.00022423516187550086,0.009277555911615635,0.70547199144211,-0.06634982304770402,0.0,0.0,-25.501511405908058,10.805841503285897,-0.6585230848603049,-1.8515008674574251,0.0,0.0,3.575339982997502,-0.333004883912409,-32.61482602949479,0.22354342022027165,-10.354605940509263,1.7746106707063927,-4.893936996416575,0.8419965161389604,0.0,0.0
1.0,690.0,-79.9293670084742,1.8052645562198668,0.19414119935210114,0.7131645503059987,-1.0971464382443763,0.029611131601683962,-26.153471271668142,0.3588968431557348,1.752899740621975,-0.5034696737909093,-0.007755181476362496,0.11825204011060433,-0.6925051263300017,0.07715996007005518,0.0,0.0,-0.013993277688499414,0.1792213518986275,16.634652730013986,0.0022230731399276557,1.9202673449118104,-1.285577952640509,-0.014926073403981067,-0.014420231659209096,0.0,0.0,1.2202708351609095,0.10809418795560462,0.0,0.0,-0.0002359419398780143,0.02164318646542732,0.7017786946544043,-0.10372937612122085,0.0,0.0,-26.58397484521318,10.760473634024745,-1.2611937690229926,-1.8331077628012098,0.0,0.0,2.7237649127502706,-0.25368407365555207,-34.25490693687189,-0.16380048549678686,-11.019674862873629,1.3048245103142326,-4.905953111882947,0.898044510134097,0.0,0.0
1.0,700.0,-79.15754929249091,1.3452182733301206,0.20232865569627967,0.7208683198616636,-1.2089082459719558,0.038950142524214595,-24.691390677179662,0.3796263562335219,1.7392949391403183,-0.5218807003696281,-0.6314129146964191,0.14329283128848977,-0.6889056965454528,0.08469130196336803,0.0,0.0,-0.02528423410950113,0.20605527725203956,16.53068283563752,0.0267643110355621,1.927002678560843,-1.4430950761581431,-0.012941019313567177,-0.147506355170377,0.0,0.0,1.197896417182444,0.11618636827958215,0.0,0.0,-0.0002468469012574227,0.03430698795140926,0.697485736171199,-0.1418372784701958,0.0,0.0,-27.650234659454426,10.712260454435974,-1.8807519743456453,-1.8142990029444697,0.0,0.0,1.8366162573619425,-0.17058947687167356,-35.86562535297632,-0.5706444400632293,-11.704090941906218,0.8125249859306352,-4.91165724741236,0.9555173876694443,0.0,0.0
1.0,800.0,-67.30488290353604,-4.059764093832161,0.32040795738853534,0.8210432456800828,-2.143785876054124,0.11308004700299325,-8.623681135706112,0.5116373694712418,1.532036354673343,-0.7129949071578763,-7.342254355455852,0.3773573009266064,-0.63108393898805,0.1454760622691426,0.0,0.0,-0.14758697304567459,0.4394471973134774,13.795062632519816,0.24791448417042805,1.9306353517215167,-2.9925258220546738,0.007995283573923801,-1.4571881401371467,0.0,0.0,0.8809207814847573,0.1870361979804374,0.0,0.0,-0.00031045322238507664,0.1618383931849073,0.6324653186285308,-0.5185544025503405,0.0,0.0,-37.22858477967211,10.1177441835855,-8.482049047795632,-1.6323108429218045,0.0,0.0,-8.316119052928963,0.771787417204213,-50.09747073434764,-5.245722128020071,-19.141615423076637,-4.837290487924834,-4.717498539398005,1.5410499056861666,0.0,0.0
1.0,900.0,-52.127537704908946,-9.842060130196765,0.4645171302227509,0.909106626026996,-2.819528951601055,0.12478428443920786,7.652692970486372,0.4541850147506496,1.279079104469081,-0.871581930271666,-13.736104172967758,0.5166368755175444,-0.5574474952284828,0.17445151715366672,0.0,0.0,-0.26543059726373197,0.5709678484924454,9.450975305950214,0.3697143095410616,1.8720135305379708,-4.128378570329234,0.027595252760249486,-2.4159691879174257,0.0,0.0,0.5056416897993091,0.22563749019784943,0.0,0.0,-0.0002965730867924545,0.2587653866088666,0.5521340194382536,-0.7961828219190272,0.0,0.0,-44.59003773692822,9.420183247483877,-14.704733107065891,-1.5212873687453712,0.0,0.0,-19.21981896776085,1.7029993725340558,-60.66455757787141,-9.97852701535376,-26.586150900211585,-10.660721193564733,-4.295729239927591,2.00600458167872,0.0,0.0
1.0,1000.0,-37.18921469702686,-15.116869690390487,0.6024614583602284,0.9457498260604621,-3.3283135962463435,0.06108512610944896,22.298730683188978,0.19127076452203004,1.0497545637545704,-0.9675264346045356,-18.957141316046176,0.5230562562305096,-0.4877893717047984,0.17233470909596993,0.0,0.0,-0.36294872951499657,0.5859019869126023,4.844311758163507,0.3628119681575335,1.7995652896138956,-4.6232796741900035,0.0435117170489748,-2.8296907172595342,0.0,0.0,0.16350874734136814,0.22544449993043336,0.0,0.0,-0.00022067204085420987,0.3042108375941783,0.4769724989765961,-0.9174570786944607,0.0,0.0,-49.811216077597244,8.707564520402487,-19.74793997933159,-1.518624618426526,0.0,0.0,-29.5358661408999,2.4593584078323123,-67.83101261483631,-13.953314305419283,-33.18196756870116,-15.75258371758937,-3.8473078789889126,2.258793023541857,0.0,0.0
1.0,1100.0,-24.042971145899163,-19.545492785102226,0.7212720349885147,0.9213526167531506,-3.733677209069388,-0.07247242270901544,34.702146119770205,-0.2531785913008158,0.87155198721331,-0.9965287052519526,-22.78249119903686,0.3990130290891369,-0.4302229132653164,0.14436447727392485,0.0,0.0,-0.435765159994061,0.49550034802951076,0.6272507426387237,0.23318889658077793,1.7364440890438329,-4.468934302962849,0.05519349158036964,-2.6908182618764336,0.0,0.0,-0.10945439298754564,0.18922033339480637,0.0,0.0,-9.970992888594095e-05,0.2962595132814863,0.41524551652179487,-0.8794189442429696,0.0,0.0,-53.203813129101476,8.022274517270661,-23.41396063526778,-1.625300228929606,0.0,0.0,-38.70223621272181,2.9906679929725435,-72.17070710592397,-16.90207537537908,-38.63183441464014,-19.799228121074933,-3.4639455164396393,2.2892369459772195,0.0,0.0
1.0,1200.0,-13.197907603798445,-23.064061808499673,0.8173851470289639,0.8398520110514546,-4.07512493272307,-0.2636105912077689,44.82365100149745,-0.8425594890081108,0.7507068725652031,-0.9653386598199439,-25.276662370641663,0.1631717971197104,-0.3869545755609894,0.0965227324757925,0.0,0.0,-0.48479152623835037,0.3192567554680446,-2.938856335258637,0.00022561941465993533,1.6918160762664247,-3.7472805659129182,0.06289012281353817,-2.068867070724362,0.0,0.0,-0.305178357002867,0.12307317524914595,0.0,0.0,5.197326898715457e-05,0.24105184135212357,0.3690737875090218,-0.7017138919991424,0.0,0.0,-55.12101460124931,7.382671350211377,-25.776609419948006,-1.8270354264158393,0.0,0.0,-46.56486096715202,3.30101372512538,-74.27955665008349,-18.822989854501433,-42.9178466186567,-22.776079366272846,-3.1788095556032188,2.121747180083202,0.0,0.0
1.0,1300.0,-4.665038273050362,-25.7319659046648,0.8914824017295963,0.7101972289582902,-4.376306765963986,-0.4990080215081364,52.862871299245924,-1.540211487179004,0.6838426612024459,-0.8842814233573093,-26.613039040547903,-0.16168133775067525,-0.35748181944971924,0.03416647741319758,0.0,0.0,-0.5129887900030168,0.07713659723082068,-5.7929024188322105,-0.3139279705448545,1.667810255448013,-2.565897879851642,0.0671446307529048,-1.0553433560642664,0.0,0.0,-0.4281930832851848,0.03362747605571899,0.0,0.0,0.00022333889773835927,0.14720123228198675,0.3377833328275766,-0.410565257975032,0.0,0.0,-55.88428361633968,6.7948304166018865,-27.010796371935534,-2.105196108199394,0.0,0.0,-53.16353786012576,3.4165002731476783,-74.67769771513908,-19.825433805932473,-46.14349221068653,-24.782003208821468,-2.99646489790814,1.791543919420575,0.0,0.0
1.0,1400.0,1.7590657392495794,-27.65487615741221,0.9459376787152267,0.5423137830674707,-4.651165981742802,-0.7666260444069979,59.09794030265819,-2.3142183076698193,0.663906723620513,-0.763885545447681,-26.99001628912677,-0.5539166306762382,-0.34021789283071685,-0.0383325256808556,0.0,0.0,-0.5238301662475968,-0.21331852579710225,-7.968357660897396,-0.6887987034854901,1.6633024202843372,-1.0295562296450116,0.06855824383336638,0.26054990280671664,0.0,0.0,-0.4878375056747777,-0.07312290750263621,0.0,0.0,0.0004062580422446381,0.023282207371849085,0.3196001815869224,-0.03166218594280206,0.0,0.0,-55.76236073040307,6.258742261105252,-27.3129393083126,-2.4416622753969537,0.0,0.0,-58.61926488041796,3.369483473061038,-73.78827384845101,-20.05331699576241,-48.45357832582755,-25.95706391360329,-2.908777831324553,1.3339697599218385,0.0,0.0
1.0,1500.0,6.351581032209815,-28.94801174879057,0.9836050248481214,0.345392546953751,-4.907871389951986,-1.056427618503895,63.81270709226974,-3.138586657934915,0.6830088183534964,-0.6135505100893097,-26.595018512101102,-0.9949531040782579,-0.3332744389525757,-0.1175650549490113,0.0,0.0,-0.5206323851494273,-0.5377234422076539,-9.537899866249358,-1.107068913958334,1.6758629768909274,0.7704179652822144,0.06769131074135848,1.801014313444233,0.0,0.0,-0.4945434009553884,-0.1921674796231393,0.0,0.0,0.0005948927303280561,-0.1231428996911577,0.3124622488426638,0.412529627655944,0.0,0.0,-54.97101476429841,5.771549869977216,-26.86714441300379,-2.8206631322125824,0.0,0.0,-63.0781258663503,3.191502563756261,-71.9441382383111,-19.65009274514769,-49.99656744492471,-26.444511442408608,-2.9029280925402623,0.7803253971849233,0.0,0.0
1.0,1600.0,9.3969135536407,-29.719911726125993,1.0072740080026716,0.12729715388676383,-5.1511980347759865,-1.360399998698385,67.26663041783029,-3.992929329226303,0.733678522533891,-0.44116067074201243,-25.59143350405218,-1.4696197395698534,-0.3348155428533889,-0.20093972932119303,0.0,0.0,-0.5063059407629933,-0.8847098290158073,-10.58559117883579,-1.5547507599770387,1.7027165298218574,2.758646168569823,0.06502873672477472,3.5018152847343638,0.0,0.0,-0.45819084728619625,-0.3194902165591744,0.0,0.0,0.0007851231553745964,-0.28578371232972216,0.3143834471167371,0.9034271810060095,0.0,0.0,-53.67990507592122,5.329226721950102,-25.833188929347784,-3.2292111216635906,0.0,0.0,-66.68488322094795,2.910511350765436,-69.40265021761188,-18.744558458285177,-50.908531399583154,-26.374898644551187,-2.965257407015188,0.15672576211679254,0.0,0.0
1.0,1700.0,11.157692666348984,-30.066294667520708,1.0194504635248136,-0.10552285449986852,-5.383939016599486,-1.6723151022545664,69.68486873406796,-4.861640335891465,0.809344998271753,-0.2531075270024698,-24.115976523211618,-1.9658915064563536,-0.34320008875510527,-0.2865190984497196,0.0,0.0,-0.4832979770742981,-1.2454925469322793,-11.193629007974355,-2.0208509901177596,1.741187183287384,4.874807644102417,0.06097441850307394,5.311538151099693,0.0,0.0,-0.38748068319034584,-0.4519525030941479,0.0,0.0,0.0009740881284114851,-0.4595767517712179,0.3235975075034189,1.426135336397792,0.0,0.0,-52.02095269354597,4.927433347287614,-24.344362534356804,-3.6569462815329743,0.0,0.0,-69.57169401530375,2.5501311479861095,-66.36099842611534,-17.44656171221339,-51.30765897743807,-25.860831015821304,-3.082988228904974,-0.5157505992339817,0.0,0.0
1.0,1800.0,11.86429043294845,-30.0686918886513,1.022291793543349,-0.3479110188459713,-5.607736471450529,-1.9874219754329014,71.25751576006228,-5.732989174101359,0.9044490877258669,-0.05446626880846089,-22.280441937705508,-2.474419864535224,-0.35702281757740284,-0.3728728336739293,0.0,0.0,-0.45361751308607867,-1.6133862258929526,-11.43663575964932,-2.4968860621374933,1.788882454640664,7.071562129847681,0.05585762431228418,7.189825935138855,0.0,0.0,-0.28978739716287505,-0.5871429871025513,0.0,0.0,0.0011598373342880737,-0.6405285543656609,0.33859697862057947,1.9689486559798723,0.0,0.0,-50.09611327156293,4.561939837853187,-22.50940920711798,-4.095772982236082,0.0,0.0,-71.85430932092565,2.1297933831391793,-62.969526651249765,-15.847156398011917,-51.293666062473655,-24.996573482565967,-3.244879786407005,-1.2204332993618026,0.0,0.0
1.0,1900.0,11.713163971365184,-29.79519577930103,1.0176122506485068,-0.5958147354450256,-5.823569391283961,-2.3021517277443064,72.14262843927523,-6.598299935204763,1.014392610646415,0.15078837123956493,-20.175000056339034,-2.9880407519862255,-0.3751093892349293,-0.45895744095517604,0.0,0.0,-0.41889070713117266,-1.9833655811269502,-11.379750548188321,-2.9763997779945823,1.8437480924525476,9.31226176946604,0.04994337367564959,9.105433613414572,0.0,0.0,-0.17122476115928353,-0.7232335192852771,0.0,0.0,0.0013410752576835134,-0.8255337989722488,0.358125069316594,2.5227949670688714,0.0,0.0,-47.98391553424234,4.228819081255858,-20.41587411708095,-4.539459328799976,0.0,0.0,-73.63182371904495,1.6652250278330831,-59.34252987787931,-14.020546956574993,-50.94929371737664,-23.859678854867965,-3.441371676531895,-1.9443197524125497,0.0,0.0
1.0,2000.0,10.869116817192799,-29.302019791388187,1.0069168105191044,-0.8460899608592429,-6.032039487176349,-2.6138630993607963,72.4705088966238,-7.4512646771191555,1.1354251234760462,0.3595754758487529,-17.871756695285825,-3.50133177398788,-0.3964927255992973,-0.5440217774453838,0.0,0.0,-0.3804223024486315,-2.3516972030848433,-11.078561002269515,-3.4545397200878263,1.9040621730658045,11.56884716011234,0.04344328112707556,11.034437072932613,0.0,0.0,-0.03679330783507974,-0.8588548681386544,0.0,0.0,0.001516975038139739,-1.0122045427890511,0.3811486584550179,3.0807206534200913,0.0,0.0,-45.74471438274055,3.9245198493657787,-18.133648330339966,-4.9832685149846245,0.0,0.0,-74.98797828049015,1.1690220557505138,-55.56670976702561,-12.026562407838838,-50.342529069252016,-22.513282692574332,-3.664495264306557,-2.6773757951823676,0.0,0.0
1.0,2100.0,9.46904107623078,-28.635251029050206,0.991443810597139,-1.0963248615584502,-6.233538137347071,-2.9206340785594707,72.34808529427247,-8.287391961876175,1.2645156308275187,0.5695280867396141,-15.428041865208971,-4.01023985023244,-0.420383749021962,-0.6275344355805268,0.0,0.0,-0.33925313943469854,-2.715643584953911,-10.579857016627333,-3.9277063298591752,1.9684033391175453,13.8200559828537,0.03652542857217785,12.958707241461907,0.0,0.0,0.10945235100324904,-0.9929948343016808,0.0,0.0,0.0016870439338505013,-1.1987231184439722,0.4068260092526812,3.6374509213311583,0.0,0.0,-43.42481400918843,3.64587829157795,-15.718215769226925,-5.4236448502587855,0.0,0.0,-75.99302298286955,0.6511994959442099,-51.70768590538015,-9.913096673897783,-49.52891422312025,-21.008445413051756,-3.907693339748121,-3.411931240614241,0.0,0.0
1.0,2200.0,7.625965290632774,-27.832518911157305,0.9722072816045094,-1.344690146980723,-6.428343201023866,-3.2210959230746017,71.86291010873757,-9.10357377468404,1.399230392466642,0.7788438561864767,-12.88924540174117,-4.511779043680273,-0.4461425225034461,-0.7091285700895092,0.0,0.0,-0.29621012430242905,-3.0732304279881397,-9.922687690026521,-4.3932710215440425,2.035610560615705,16.04995673953511,0.029322806788195842,14.864660642967035,0.0,0.0,0.26424399022518763,-1.124916990506343,0.0,0.0,0.0018510262810653895,-1.383720799194905,0.43447532711477005,4.189029052522001,0.0,0.0,-41.059665607049425,3.3900993291661314,-13.21343904287459,-5.857956795891143,0.0,0.0,-76.70566088949587,0.11967565426839216,-47.81496930067398,-7.71828981474706,-48.55367141170955,-19.386283587469837,-4.165616435488924,-4.142180228202836,0.0,0.0
1.0,2300.0,5.43287602551064,-26.92447215802633,0.9500352080745922,-1.5898162026428253,-6.6166744310729255,-3.514303042108915,71.08661592974073,-9.897749764094184,1.5376250249448935,0.986164185912662,-10.291175489479889,-5.003790200155805,-0.4732522701805723,-0.7885602217202736,0.0,0.0,-0.25194800688828844,-3.4230659425018772,-9.139465916908641,-4.849353670308262,2.104742724078146,18.24677464644245,0.021940298846723494,16.742258623866118,0.0,0.0,0.42495876062701093,-1.2540968706347666,0.0,0.0,0.0020088335087715217,-1.5661800961718155,0.46354664456626665,4.732527056573089,0.0,0.0,-38.67633330705569,3.1547248261447143,-10.653868964361298,-6.284291301597452,0.0,0.0,-77.17486018602415,-0.4193198002345123,-43.92574910240842,-5.472384741626107,-47.45354914508413,-17.679805480744278,-4.433927312165381,-4.863778216375331,0.0,0.0
1.0,2400.0,2.966104101495979,-25.9360370956784,0.9256025220400865,-1.8306941330976587,-6.798724477329589,-3.7996319321170775,70.07781616903549,-10.668648875596979,1.6781529293639217,1.1904778531120759,-7.661981195519462,-5.484751963040967,-0.5012970470295085,-0.8656769188493328,0.0,0.0,-0.20698356875416066,-3.7642014832262305,-8.25700284952774,-5.294648731004729,2.1750416899905702,20.401963289680637,0.01446035123278528,18.584215890695898,0.0,0.0,0.5894993910165414,-1.3801723050641712,0.0,0.0,0.0021604936340244014,-1.7453571692590766,0.49359775625415714,5.265816592528163,0.0,0.0,-36.29539192842259,2.9375974485562564,-8.066622665235219,-6.7012913273927435,0.0,0.0,-77.44145278107847,-0.9609101761918688,-40.06777468957326,-3.199265642830223,-46.25837664386754,-15.915445266598608,-4.7091264675666515,-5.573521480718808,0.0,0.0
1.0,2500.0,0.2882240179002266,-24.88746667965812,0.8994588225586825,-2.0665969592928444,-6.974675567343728,-4.076703101584213,68.88449979392608,-11.415591400422013,1.81958931106763,1.3910448158774897,-5.023701593250639,-5.953633183308492,-0.5299430359625089,-0.9403940418854622,0.0,0.0,-0.16172325769711793,-4.096024451893776,-7.297425476595972,-5.728290143305227,2.245900106719107,22.509475944969978,0.006947530879705931,20.385379169585715,0.0,0.0,0.7561946782330952,-1.5029049596915554,0.0,0.0,0.0023061147910835053,-1.9207207067096452,0.5242741211870813,5.787388969139991,0.0,0.0,-33.93238767618799,2.7368247696473436,-5.472894146384998,-7.108028460695143,0.0,0.0,-77.53950278167531,-1.5012995476283266,-36.26155211460918,-0.917712925350551,-44.99234941741864,-14.114323517236329,-4.98840233739075,-6.269094303854712,0.0,0.0
1.0,2600.0,-2.5495122196009534,-23.795204040373335,0.8720513141709544,-2.2970172875435617,-7.144707867506759,-4.345320942242196,67.54598977021405,-12.138337692292287,1.960968973778094,1.5873362624562137,-2.3935058919955066,-6.409778100496197,-0.5589231195829678,-1.012677028928411,0.0,0.0,-0.1164853691756884,-4.418176136676694,-6.2789661509675705,-6.149746708241676,2.31683412713689,24.56519596057961,-0.000547834405163224,22.142241434387138,0.0,0.0,0.9237179199181997,-1.6221506313919387,0.0,0.0,0.0024458588899021532,-2.0919039991289026,0.5552923191044965,6.296214310470433,0.0,0.0,-31.59896407796153,2.5507458011809048,-2.8891617214391756,-7.503903490809526,0.0,0.0,-77.4974577081832,-2.037553809587995,-32.522021824605645,1.3575824125842337,-43.6750814605112,-12.293272467810985,-5.2695055539075755,-6.948870481031493,0.0,0.0
1.0,2700.0,-5.505156092159363,-22.672588137254532,0.8437436216389228,-2.52161820176131,-7.309003098768001,-4.605427503262755,66.09453649684565,-12.836972723764607,2.101535794684997,1.7789875607608931,0.21531718036354064,-6.852817204648914,-0.588024267783908,-1.0825279719591152,0.0,0.0,-0.07151778446125617,-4.730488720989762,-5.216629755624177,-6.5587411990014335,2.3874606604736246,26.566492435538017,-0.007986756330007302,23.852562947626527,0.0,0.0,1.091020578160442,-1.7378363365942497,0.0,0.0,0.0025799226048219977,-2.2586674524663866,0.586426548570642,6.79163161324634,0.0,0.0,-29.303731811745433,2.3779008458094095,-0.32815010356403934,-7.888568998235115,0.0,0.0,-77.33910705722607,-2.567425397178845,-28.859843737951017,3.615203131231337,-42.32246135233022,-10.46566520030182,-5.550644821647678,-7.611757852945474,0.0,0.0
1.0,2800.0,-8.544399350856928,-21.530428062471238,0.814831145314447,-2.740194659811379,-7.467745529552035,-4.8570669914549605,64.55661112174747,-13.511818084959314,2.2407018757040738,1.9657613737358244,2.7925711880226998,-7.282598108494081,-0.6170772812980797,-1.1499755147380304,0.0,0.0,-0.027012132087147214,-5.032936992081067,-4.1227512797069155,-6.955187872092028,2.457478598479064,28.511873966226677,-0.0153392791378617,25.51507591860754,0.0,0.0,1.257278572251555,-1.8499426493293765,0.0,0.0,0.0027085236827055995,-2.420869300791435,0.6174976617880826,7.273263009145902,0.0,0.0,-27.052942454189512,2.217004885805998,2.2004039990228157,-8.26186916465099,0.0,0.0,-77.08437577151656,-3.0892132968012618,-25.282384530576472,5.846351688932854,-40.94734666155766,-8.6420842387708,-5.83040140509986,-8.257076674117513,0.0,0.0
1.0,2900.0,-11.639209291997982,-20.37746955010873,0.7855535613472143,-2.9526431829442568,-7.621121597784681,-5.100358530295336,62.953954566396526,-14.163364969937895,2.378014599086588,2.1475187521033394,5.330524200695327,-7.699131965309914,-0.6459484747668357,-1.2150672371118652,0.0,0.0,0.01688490989454647,-5.325601314526614,-3.0074586842222484,-7.339144211663361,2.5266534194301085,30.40071889458963,-0.022582644015305825,27.12925439932405,0.0,0.0,1.4218488982503614,-1.9584900889472265,0.0,0.0,0.0028318911216476035,-2.5784427348931795,0.6483642828081665,7.740946926031968,0.0,0.0,-24.851011820653365,2.0669243797958257,4.689142700692745,-8.623793005196344,0.0,0.0,-76.74997902489501,-3.6016513497927143,-21.79447843599472,8.044326363334386,-39.56012650054719,-6.830859986352175,-6.107659250247366,-8.884464483407351,0.0,0.0
